id,product_name,category,price,quantity,region,timestamp,score
0,Product_0,Sports,42.1,36,Central,2025-11-16T20:51:06.209182,4.96
1,Product_1,Sports,671.1,62,South,2025-11-16T20:51:07.209182,1.43
2,Product_2,Sports,648.4,38,Central,2025-11-16T20:51:08.209182,2.81
3,Product_3,Books,921.41,78,Central,2025-11-16T20:51:09.209182,2.57
4,Product_4,Sports,375.64,63,North,2025-11-16T20:51:10.209182,1.44
5,Product_5,Clothing,379.77,54,South,2025-11-16T20:51:11.209182,1.42
6,Product_6,Books,380.61,2,East,2025-11-16T20:51:12.209182,4.84
7,Product_7,Books,748.57,48,North,2025-11-16T20:51:13.209182,2.59
8,Product_8,Clothing,469.67,70,Central,2025-11-16T20:51:14.209182,2.85
9,Product_9,Toys,930.1,49,East,2025-11-16T20:51:15.209182,1.35
10,Product_10,Books,293.85,28,North,2025-11-16T20:51:16.209182,4.13
11,Product_11,Food,313.97,95,East,2025-11-16T20:51:17.209182,2.55
12,Product_12,Sports,338.24,83,Central,2025-11-16T20:51:18.209182,4.65
13,Product_13,Clothing,756.93,25,North,2025-11-16T20:51:19.209182,4.59
14,Product_14,Food,675.96,73,Central,2025-11-16T20:51:20.209182,4.85
15,Product_15,Toys,463.13,87,Central,2025-11-16T20:51:21.209182,3.76
16,Product_16,Toys,905.75,59,East,2025-11-16T20:51:22.209182,1.34
17,Product_17,Clothing,401.52,95,East,2025-11-16T20:51:23.209182,2.94
18,Product_18,Toys,261.01,99,Central,2025-11-16T20:51:24.209182,2.11
19,Product_19,Sports,981.69,69,South,2025-11-16T20:51:25.209182,4.2
20,Product_20,Clothing,750.48,81,South,2025-11-16T20:51:26.209182,2.56
21,Product_21,Books,628.54,4,South,2025-11-16T20:51:27.209182,3.04
22,Product_22,Clothing,50.15,44,South,2025-11-16T20:51:28.209182,3.39
23,Product_23,Toys,506.91,95,North,2025-11-16T20:51:29.209182,3.21
24,Product_24,Food,638.33,75,South,2025-11-16T20:51:30.209182,4.87
25,Product_25,Toys,365.64,52,West,2025-11-16T20:51:31.209182,2.23
26,Product_26,Sports,54.44,50,West,2025-11-16T20:51:32.209182,4.59
27,Product_27,Books,972.84,23,South,2025-11-16T20:51:33.209182,3.49
28,Product_28,Books,794.62,2,West,2025-11-16T20:51:34.209182,2.12
29,Product_29,Books,61.47,27,North,2025-11-16T20:51:35.209182,1.09
30,Product_30,Books,208.44,46,South,2025-11-16T20:51:36.209182,4.48
31,Product_31,Sports,382.89,73,South,2025-11-16T20:51:37.209182,3.81
32,Product_32,Electronics,207.31,80,North,2025-11-16T20:51:38.209182,4.11
33,Product_33,Toys,502.54,18,Central,2025-11-16T20:51:39.209182,3.07
34,Product_34,Clothing,498.56,12,South,2025-11-16T20:51:40.209182,1.31
35,Product_35,Electronics,303.58,48,South,2025-11-16T20:51:41.209182,3.07
36,Product_36,Books,381.49,18,West,2025-11-16T20:51:42.209182,4.01
37,Product_37,Sports,515.0,28,East,2025-11-16T20:51:43.209182,1.89
38,Product_38,Books,429.52,86,South,2025-11-16T20:51:44.209182,2.2
39,Product_39,Sports,802.03,63,Central,2025-11-16T20:51:45.209182,2.37
40,Product_40,Toys,774.83,68,West,2025-11-16T20:51:46.209182,4.81
41,Product_41,Toys,316.21,52,South,2025-11-16T20:51:47.209182,2.91
42,Product_42,Clothing,422.09,4,North,2025-11-16T20:51:48.209182,4.73
43,Product_43,Clothing,252.46,86,South,2025-11-16T20:51:49.209182,2.23
44,Product_44,Electronics,775.71,10,East,2025-11-16T20:51:50.209182,3.39
45,Product_45,Electronics,389.22,35,Central,2025-11-16T20:51:51.209182,1.81
46,Product_46,Clothing,675.52,17,West,2025-11-16T20:51:52.209182,2.89
47,Product_47,Electronics,160.06,42,East,2025-11-16T20:51:53.209182,4.21
48,Product_48,Food,546.72,74,West,2025-11-16T20:51:54.209182,1.27
49,Product_49,Sports,173.03,97,South,2025-11-16T20:51:55.209182,2.52
50,Product_50,Clothing,198.35,25,East,2025-11-16T20:51:56.209182,2.61
51,Product_51,Clothing,489.19,52,East,2025-11-16T20:51:57.209182,2.17
52,Product_52,Food,643.96,35,North,2025-11-16T20:51:58.209182,1.77
53,Product_53,Food,168.97,87,North,2025-11-16T20:51:59.209182,2.42
54,Product_54,Sports,759.51,87,South,2025-11-16T20:52:00.209182,3.1
55,Product_55,Electronics,503.92,24,Central,2025-11-16T20:52:01.209182,1.81
56,Product_56,Toys,253.67,1,North,2025-11-16T20:52:02.209182,1.14
57,Product_57,Toys,348.43,11,North,2025-11-16T20:52:03.209182,3.89
58,Product_58,Electronics,74.21,10,East,2025-11-16T20:52:04.209182,1.66
59,Product_59,Electronics,338.22,17,East,2025-11-16T20:52:05.209182,3.94
60,Product_60,Food,40.81,20,Central,2025-11-16T20:52:06.209182,4.13
61,Product_61,Food,916.78,51,North,2025-11-16T20:52:07.209182,1.09
62,Product_62,Books,718.38,86,South,2025-11-16T20:52:08.209182,2.47
63,Product_63,Toys,403.58,14,North,2025-11-16T20:52:09.209182,2.52
64,Product_64,Food,101.24,28,North,2025-11-16T20:52:10.209182,4.24
65,Product_65,Clothing,646.03,66,North,2025-11-16T20:52:11.209182,3.87
66,Product_66,Toys,333.94,16,North,2025-11-16T20:52:12.209182,1.84
67,Product_67,Clothing,570.67,48,East,2025-11-16T20:52:13.209182,1.49
68,Product_68,Electronics,375.49,43,West,2025-11-16T20:52:14.209182,3.32
69,Product_69,Sports,570.37,87,East,2025-11-16T20:52:15.209182,3.88
70,Product_70,Food,718.26,19,Central,2025-11-16T20:52:16.209182,1.34
71,Product_71,Toys,664.03,89,South,2025-11-16T20:52:17.209182,4.32
72,Product_72,Sports,521.86,63,North,2025-11-16T20:52:18.209182,2.08
73,Product_73,Sports,172.35,4,North,2025-11-16T20:52:19.209182,3.23
74,Product_74,Books,576.39,6,West,2025-11-16T20:52:20.209182,4.04
75,Product_75,Food,769.05,35,South,2025-11-16T20:52:21.209182,1.32
76,Product_76,Food,323.59,9,Central,2025-11-16T20:52:22.209182,2.5
77,Product_77,Clothing,637.09,80,West,2025-11-16T20:52:23.209182,1.37
78,Product_78,Clothing,618.48,6,Central,2025-11-16T20:52:24.209182,2.88
79,Product_79,Toys,658.62,14,South,2025-11-16T20:52:25.209182,1.87
80,Product_80,Books,585.46,97,Central,2025-11-16T20:52:26.209182,4.3
81,Product_81,Food,560.23,23,North,2025-11-16T20:52:27.209182,2.84
82,Product_82,Toys,600.03,67,Central,2025-11-16T20:52:28.209182,1.07
83,Product_83,Sports,940.45,61,North,2025-11-16T20:52:29.209182,2.37
84,Product_84,Books,12.55,78,West,2025-11-16T20:52:30.209182,1.01
85,Product_85,Books,387.77,40,East,2025-11-16T20:52:31.209182,2.74
86,Product_86,Food,243.79,67,Central,2025-11-16T20:52:32.209182,2.76
87,Product_87,Food,114.3,52,South,2025-11-16T20:52:33.209182,3.55
88,Product_88,Books,218.74,79,East,2025-11-16T20:52:34.209182,3.59
89,Product_89,Electronics,728.53,73,East,2025-11-16T20:52:35.209182,4.25
90,Product_90,Books,257.45,67,Central,2025-11-16T20:52:36.209182,3.65
91,Product_91,Clothing,142.23,44,East,2025-11-16T20:52:37.209182,4.7
92,Product_92,Food,430.49,47,South,2025-11-16T20:52:38.209182,2.91
93,Product_93,Books,828.68,16,West,2025-11-16T20:52:39.209182,3.66
94,Product_94,Toys,809.92,6,South,2025-11-16T20:52:40.209182,2.95
95,Product_95,Toys,876.99,24,Central,2025-11-16T20:52:41.209182,1.78
96,Product_96,Books,728.98,27,South,2025-11-16T20:52:42.209182,1.21
97,Product_97,Food,816.6,95,East,2025-11-16T20:52:43.209182,4.15
98,Product_98,Sports,229.49,98,North,2025-11-16T20:52:44.209182,3.09
99,Product_99,Books,360.6,67,South,2025-11-16T20:52:45.209182,4.9
100,Product_100,Food,544.25,9,West,2025-11-16T20:52:46.209182,3.65
101,Product_101,Food,325.55,82,Central,2025-11-16T20:52:47.209182,1.32
102,Product_102,Clothing,503.28,96,Central,2025-11-16T20:52:48.209182,4.43
103,Product_103,Electronics,386.64,57,South,2025-11-16T20:52:49.209182,2.84
104,Product_104,Clothing,200.95,16,Central,2025-11-16T20:52:50.209182,4.02
105,Product_105,Electronics,684.32,35,West,2025-11-16T20:52:51.209182,1.9
106,Product_106,Electronics,493.84,24,South,2025-11-16T20:52:52.209182,4.83
107,Product_107,Books,589.16,83,North,2025-11-16T20:52:53.209182,2.24
108,Product_108,Electronics,459.34,35,North,2025-11-16T20:52:54.209182,2.08
109,Product_109,Electronics,919.7,17,South,2025-11-16T20:52:55.209182,1.67
110,Product_110,Books,485.56,11,West,2025-11-16T20:52:56.209182,2.48
111,Product_111,Toys,360.05,80,South,2025-11-16T20:52:57.209182,1.04
112,Product_112,Toys,98.38,52,Central,2025-11-16T20:52:58.209182,3.01
113,Product_113,Sports,186.25,33,Central,2025-11-16T20:52:59.209182,3.02
114,Product_114,Electronics,691.67,44,South,2025-11-16T20:53:00.209182,2.64
115,Product_115,Toys,448.9,94,West,2025-11-16T20:53:01.209182,1.45
116,Product_116,Toys,860.88,72,Central,2025-11-16T20:53:02.209182,2.12
117,Product_117,Food,422.01,18,East,2025-11-16T20:53:03.209182,1.49
118,Product_118,Electronics,205.72,5,Central,2025-11-16T20:53:04.209182,3.91
119,Product_119,Food,664.85,1,North,2025-11-16T20:53:05.209182,2.2
120,Product_120,Toys,862.53,34,Central,2025-11-16T20:53:06.209182,2.1
121,Product_121,Electronics,425.18,33,East,2025-11-16T20:53:07.209182,2.93
122,Product_122,Clothing,975.32,60,West,2025-11-16T20:53:08.209182,3.95
123,Product_123,Electronics,548.95,51,East,2025-11-16T20:53:09.209182,2.19
124,Product_124,Food,530.42,4,West,2025-11-16T20:53:10.209182,4.52
125,Product_125,Books,281.71,34,East,2025-11-16T20:53:11.209182,2.54
126,Product_126,Toys,756.4,44,South,2025-11-16T20:53:12.209182,1.56
127,Product_127,Clothing,952.15,73,West,2025-11-16T20:53:13.209182,2.06
128,Product_128,Toys,825.35,25,West,2025-11-16T20:53:14.209182,1.72
129,Product_129,Food,334.19,11,North,2025-11-16T20:53:15.209182,3.41
130,Product_130,Sports,733.92,100,West,2025-11-16T20:53:16.209182,1.74
131,Product_131,Food,982.33,9,Central,2025-11-16T20:53:17.209182,1.71
132,Product_132,Food,829.84,5,West,2025-11-16T20:53:18.209182,2.69
133,Product_133,Books,591.31,52,East,2025-11-16T20:53:19.209182,3.98
134,Product_134,Clothing,338.95,49,West,2025-11-16T20:53:20.209182,3.12
135,Product_135,Clothing,599.97,78,East,2025-11-16T20:53:21.209182,4.46
136,Product_136,Books,311.15,91,West,2025-11-16T20:53:22.209182,3.73
137,Product_137,Toys,563.17,21,West,2025-11-16T20:53:23.209182,1.24
138,Product_138,Electronics,952.93,55,West,2025-11-16T20:53:24.209182,1.38
139,Product_139,Food,741.0,80,West,2025-11-16T20:53:25.209182,3.06
140,Product_140,Electronics,667.61,34,North,2025-11-16T20:53:26.209182,1.35
141,Product_141,Clothing,978.19,68,Central,2025-11-16T20:53:27.209182,4.37
142,Product_142,Clothing,594.36,41,Central,2025-11-16T20:53:28.209182,4.1
143,Product_143,Toys,834.31,58,South,2025-11-16T20:53:29.209182,2.66
144,Product_144,Toys,568.45,32,North,2025-11-16T20:53:30.209182,1.58
145,Product_145,Toys,163.96,19,East,2025-11-16T20:53:31.209182,4.92
146,Product_146,Clothing,481.33,11,Central,2025-11-16T20:53:32.209182,4.6
147,Product_147,Sports,618.88,57,East,2025-11-16T20:53:33.209182,4.7
148,Product_148,Books,12.33,70,North,2025-11-16T20:53:34.209182,4.2
149,Product_149,Toys,399.46,73,East,2025-11-16T20:53:35.209182,3.41
150,Product_150,Electronics,625.28,58,South,2025-11-16T20:53:36.209182,4.8
151,Product_151,Toys,143.14,90,Central,2025-11-16T20:53:37.209182,4.47
152,Product_152,Electronics,679.94,82,Central,2025-11-16T20:53:38.209182,3.12
153,Product_153,Food,310.33,98,West,2025-11-16T20:53:39.209182,3.4
154,Product_154,Sports,843.96,67,East,2025-11-16T20:53:40.209182,2.64
155,Product_155,Food,421.08,93,South,2025-11-16T20:53:41.209182,4.86
156,Product_156,Sports,947.3,89,South,2025-11-16T20:53:42.209182,3.77
157,Product_157,Electronics,543.7,85,South,2025-11-16T20:53:43.209182,4.82
158,Product_158,Electronics,589.27,56,South,2025-11-16T20:53:44.209182,3.17
159,Product_159,Food,376.09,61,North,2025-11-16T20:53:45.209182,3.97
160,Product_160,Toys,765.52,32,West,2025-11-16T20:53:46.209182,2.66
161,Product_161,Books,870.95,63,East,2025-11-16T20:53:47.209182,1.93
162,Product_162,Electronics,456.32,52,East,2025-11-16T20:53:48.209182,3.58
163,Product_163,Books,591.69,13,East,2025-11-16T20:53:49.209182,2.92
164,Product_164,Food,598.71,12,East,2025-11-16T20:53:50.209182,1.37
165,Product_165,Books,867.62,52,North,2025-11-16T20:53:51.209182,3.67
166,Product_166,Clothing,614.4,96,East,2025-11-16T20:53:52.209182,4.54
167,Product_167,Electronics,22.98,34,West,2025-11-16T20:53:53.209182,3.5
168,Product_168,Toys,209.01,7,East,2025-11-16T20:53:54.209182,1.7
169,Product_169,Toys,376.28,21,East,2025-11-16T20:53:55.209182,3.59
170,Product_170,Sports,871.88,31,East,2025-11-16T20:53:56.209182,3.87
171,Product_171,Electronics,977.72,49,North,2025-11-16T20:53:57.209182,3.61
172,Product_172,Sports,973.96,73,North,2025-11-16T20:53:58.209182,1.6
173,Product_173,Clothing,491.22,40,North,2025-11-16T20:53:59.209182,2.88
174,Product_174,Electronics,273.48,60,Central,2025-11-16T20:54:00.209182,3.08
175,Product_175,Clothing,747.22,36,South,2025-11-16T20:54:01.209182,1.03
176,Product_176,Toys,664.46,84,Central,2025-11-16T20:54:02.209182,2.98
177,Product_177,Books,331.93,28,Central,2025-11-16T20:54:03.209182,2.87
178,Product_178,Books,265.84,80,North,2025-11-16T20:54:04.209182,1.55
179,Product_179,Electronics,445.52,32,West,2025-11-16T20:54:05.209182,3.63
180,Product_180,Books,498.51,19,North,2025-11-16T20:54:06.209182,2.63
181,Product_181,Clothing,278.77,54,East,2025-11-16T20:54:07.209182,1.64
182,Product_182,Food,620.47,90,Central,2025-11-16T20:54:08.209182,4.67
183,Product_183,Toys,623.19,89,West,2025-11-16T20:54:09.209182,2.05
184,Product_184,Food,118.13,15,South,2025-11-16T20:54:10.209182,1.39
185,Product_185,Books,968.18,61,Central,2025-11-16T20:54:11.209182,2.87
186,Product_186,Food,226.89,69,Central,2025-11-16T20:54:12.209182,3.04
187,Product_187,Electronics,158.05,54,East,2025-11-16T20:54:13.209182,3.42
188,Product_188,Electronics,871.01,62,East,2025-11-16T20:54:14.209182,4.46
189,Product_189,Clothing,569.22,50,North,2025-11-16T20:54:15.209182,4.89
190,Product_190,Toys,630.71,53,West,2025-11-16T20:54:16.209182,2.94
191,Product_191,Books,448.68,83,North,2025-11-16T20:54:17.209182,3.43
192,Product_192,Toys,535.93,55,West,2025-11-16T20:54:18.209182,2.02
193,Product_193,Electronics,166.88,62,North,2025-11-16T20:54:19.209182,4.65
194,Product_194,Books,254.58,40,West,2025-11-16T20:54:20.209182,4.71
195,Product_195,Food,84.7,49,Central,2025-11-16T20:54:21.209182,2.17
196,Product_196,Electronics,754.75,2,North,2025-11-16T20:54:22.209182,4.52
197,Product_197,Toys,891.24,47,North,2025-11-16T20:54:23.209182,3.4
198,Product_198,Electronics,773.42,26,North,2025-11-16T20:54:24.209182,2.21
199,Product_199,Clothing,940.39,75,South,2025-11-16T20:54:25.209182,3.12
200,Product_200,Toys,795.91,63,North,2025-11-16T20:54:26.209182,3.67
201,Product_201,Toys,537.99,78,North,2025-11-16T20:54:27.209182,2.4
202,Product_202,Clothing,892.08,7,Central,2025-11-16T20:54:28.209182,3.01
203,Product_203,Books,333.84,23,West,2025-11-16T20:54:29.209182,4.06
204,Product_204,Toys,195.77,38,East,2025-11-16T20:54:30.209182,4.56
205,Product_205,Food,325.65,30,Central,2025-11-16T20:54:31.209182,4.1
206,Product_206,Food,304.82,77,East,2025-11-16T20:54:32.209182,1.32
207,Product_207,Toys,164.37,2,North,2025-11-16T20:54:33.209182,2.21
208,Product_208,Food,466.83,53,East,2025-11-16T20:54:34.209182,4.68
209,Product_209,Clothing,128.24,80,North,2025-11-16T20:54:35.209182,1.31
210,Product_210,Food,316.11,9,South,2025-11-16T20:54:36.209182,2.92
211,Product_211,Electronics,230.8,91,Central,2025-11-16T20:54:37.209182,4.9
212,Product_212,Clothing,609.5,62,East,2025-11-16T20:54:38.209182,1.4
213,Product_213,Toys,288.17,29,East,2025-11-16T20:54:39.209182,4.44
214,Product_214,Toys,605.83,50,South,2025-11-16T20:54:40.209182,1.52
215,Product_215,Electronics,242.0,81,East,2025-11-16T20:54:41.209182,4.53
216,Product_216,Electronics,632.92,24,West,2025-11-16T20:54:42.209182,2.01
217,Product_217,Toys,593.31,11,West,2025-11-16T20:54:43.209182,3.88
218,Product_218,Toys,433.43,23,Central,2025-11-16T20:54:44.209182,3.71
219,Product_219,Books,640.45,81,Central,2025-11-16T20:54:45.209182,2.45
220,Product_220,Electronics,172.63,76,Central,2025-11-16T20:54:46.209182,1.3
221,Product_221,Sports,271.67,58,South,2025-11-16T20:54:47.209182,2.77
222,Product_222,Food,387.44,81,Central,2025-11-16T20:54:48.209182,3.21
223,Product_223,Toys,988.62,98,Central,2025-11-16T20:54:49.209182,4.38
224,Product_224,Books,503.62,39,West,2025-11-16T20:54:50.209182,1.2
225,Product_225,Electronics,933.18,36,North,2025-11-16T20:54:51.209182,4.57
226,Product_226,Electronics,550.53,76,North,2025-11-16T20:54:52.209182,4.99
227,Product_227,Electronics,606.25,66,South,2025-11-16T20:54:53.209182,2.87
228,Product_228,Books,84.82,80,Central,2025-11-16T20:54:54.209182,3.51
229,Product_229,Sports,700.93,7,North,2025-11-16T20:54:55.209182,1.17
230,Product_230,Sports,25.05,92,West,2025-11-16T20:54:56.209182,4.88
231,Product_231,Toys,539.19,56,Central,2025-11-16T20:54:57.209182,3.98
232,Product_232,Toys,51.86,26,Central,2025-11-16T20:54:58.209182,2.22
233,Product_233,Clothing,785.01,3,West,2025-11-16T20:54:59.209182,2.91
234,Product_234,Electronics,749.6,10,Central,2025-11-16T20:55:00.209182,3.72
235,Product_235,Clothing,154.74,12,West,2025-11-16T20:55:01.209182,1.76
236,Product_236,Books,260.42,38,North,2025-11-16T20:55:02.209182,3.19
237,Product_237,Food,519.68,86,North,2025-11-16T20:55:03.209182,2.52
238,Product_238,Books,997.79,57,North,2025-11-16T20:55:04.209182,2.34
239,Product_239,Food,581.2,63,Central,2025-11-16T20:55:05.209182,1.75
240,Product_240,Toys,35.13,24,East,2025-11-16T20:55:06.209182,1.3
241,Product_241,Clothing,314.06,8,South,2025-11-16T20:55:07.209182,1.43
242,Product_242,Electronics,268.02,10,Central,2025-11-16T20:55:08.209182,3.75
243,Product_243,Food,665.53,66,South,2025-11-16T20:55:09.209182,1.66
244,Product_244,Clothing,336.87,76,South,2025-11-16T20:55:10.209182,1.77
245,Product_245,Electronics,924.17,71,Central,2025-11-16T20:55:11.209182,2.87
246,Product_246,Books,14.86,68,North,2025-11-16T20:55:12.209182,3.33
247,Product_247,Food,86.0,92,West,2025-11-16T20:55:13.209182,1.33
248,Product_248,Books,667.44,85,East,2025-11-16T20:55:14.209182,2.05
249,Product_249,Clothing,509.39,6,Central,2025-11-16T20:55:15.209182,3.47
250,Product_250,Books,229.05,31,Central,2025-11-16T20:55:16.209182,3.82
251,Product_251,Sports,679.75,96,West,2025-11-16T20:55:17.209182,4.99
252,Product_252,Electronics,529.36,69,Central,2025-11-16T20:55:18.209182,4.41
253,Product_253,Books,664.9,85,East,2025-11-16T20:55:19.209182,3.81
254,Product_254,Food,190.27,55,East,2025-11-16T20:55:20.209182,1.99
255,Product_255,Sports,928.46,15,Central,2025-11-16T20:55:21.209182,4.79
256,Product_256,Books,603.72,72,East,2025-11-16T20:55:22.209182,1.34
257,Product_257,Toys,144.25,74,Central,2025-11-16T20:55:23.209182,3.72
258,Product_258,Electronics,994.48,88,East,2025-11-16T20:55:24.209182,2.49
259,Product_259,Sports,918.9,53,East,2025-11-16T20:55:25.209182,4.94
260,Product_260,Books,191.24,71,West,2025-11-16T20:55:26.209182,2.66
261,Product_261,Food,239.16,25,East,2025-11-16T20:55:27.209182,4.26
262,Product_262,Toys,889.14,64,North,2025-11-16T20:55:28.209182,4.08
263,Product_263,Clothing,379.07,85,West,2025-11-16T20:55:29.209182,4.89
264,Product_264,Food,82.78,19,Central,2025-11-16T20:55:30.209182,1.99
265,Product_265,Toys,275.01,64,South,2025-11-16T20:55:31.209182,1.75
266,Product_266,Sports,736.7,97,East,2025-11-16T20:55:32.209182,1.09
267,Product_267,Clothing,976.86,50,North,2025-11-16T20:55:33.209182,3.52
268,Product_268,Food,964.58,90,West,2025-11-16T20:55:34.209182,4.17
269,Product_269,Electronics,183.22,42,West,2025-11-16T20:55:35.209182,3.98
270,Product_270,Books,423.16,33,East,2025-11-16T20:55:36.209182,2.12
271,Product_271,Electronics,308.38,10,East,2025-11-16T20:55:37.209182,2.43
272,Product_272,Toys,172.07,66,North,2025-11-16T20:55:38.209182,3.43
273,Product_273,Electronics,214.59,94,South,2025-11-16T20:55:39.209182,2.79
274,Product_274,Sports,459.37,52,Central,2025-11-16T20:55:40.209182,4.96
275,Product_275,Books,153.06,1,East,2025-11-16T20:55:41.209182,2.57
276,Product_276,Books,525.27,61,South,2025-11-16T20:55:42.209182,1.87
277,Product_277,Books,135.31,3,South,2025-11-16T20:55:43.209182,2.14
278,Product_278,Clothing,901.0,54,North,2025-11-16T20:55:44.209182,3.62
279,Product_279,Sports,75.82,63,North,2025-11-16T20:55:45.209182,3.18
280,Product_280,Electronics,975.69,14,West,2025-11-16T20:55:46.209182,3.81
281,Product_281,Sports,363.5,7,South,2025-11-16T20:55:47.209182,4.35
282,Product_282,Electronics,147.72,18,North,2025-11-16T20:55:48.209182,2.27
283,Product_283,Books,80.14,16,Central,2025-11-16T20:55:49.209182,3.5
284,Product_284,Sports,269.59,88,South,2025-11-16T20:55:50.209182,1.87
285,Product_285,Clothing,141.86,85,West,2025-11-16T20:55:51.209182,3.34
286,Product_286,Sports,421.79,68,North,2025-11-16T20:55:52.209182,1.2
287,Product_287,Toys,602.6,7,South,2025-11-16T20:55:53.209182,4.58
288,Product_288,Food,993.11,9,North,2025-11-16T20:55:54.209182,3.86
289,Product_289,Clothing,145.29,99,East,2025-11-16T20:55:55.209182,2.07
290,Product_290,Electronics,673.64,8,East,2025-11-16T20:55:56.209182,4.32
291,Product_291,Books,439.31,7,Central,2025-11-16T20:55:57.209182,1.85
292,Product_292,Toys,373.89,5,North,2025-11-16T20:55:58.209182,1.21
293,Product_293,Sports,625.59,55,North,2025-11-16T20:55:59.209182,1.39
294,Product_294,Electronics,78.3,80,East,2025-11-16T20:56:00.209182,1.16
295,Product_295,Sports,695.65,31,South,2025-11-16T20:56:01.209182,2.74
296,Product_296,Electronics,771.44,14,East,2025-11-16T20:56:02.209182,2.2
297,Product_297,Toys,899.29,51,Central,2025-11-16T20:56:03.209182,4.81
298,Product_298,Electronics,120.74,63,Central,2025-11-16T20:56:04.209182,1.72
299,Product_299,Electronics,964.56,94,East,2025-11-16T20:56:05.209182,2.08
300,Product_300,Electronics,313.93,66,South,2025-11-16T20:56:06.209182,4.36
301,Product_301,Clothing,22.36,62,North,2025-11-16T20:56:07.209182,4.71
302,Product_302,Electronics,471.7,82,East,2025-11-16T20:56:08.209182,3.38
303,Product_303,Clothing,999.36,42,South,2025-11-16T20:56:09.209182,1.25
304,Product_304,Toys,846.41,11,West,2025-11-16T20:56:10.209182,3.9
305,Product_305,Food,116.0,38,Central,2025-11-16T20:56:11.209182,1.81
306,Product_306,Food,730.68,5,South,2025-11-16T20:56:12.209182,2.15
307,Product_307,Food,506.25,75,Central,2025-11-16T20:56:13.209182,4.05
308,Product_308,Sports,876.19,39,South,2025-11-16T20:56:14.209182,4.4
309,Product_309,Sports,988.55,51,East,2025-11-16T20:56:15.209182,3.02
310,Product_310,Clothing,866.25,61,East,2025-11-16T20:56:16.209182,1.95
311,Product_311,Sports,564.63,7,North,2025-11-16T20:56:17.209182,4.13
312,Product_312,Books,570.53,22,Central,2025-11-16T20:56:18.209182,1.74
313,Product_313,Books,60.95,56,East,2025-11-16T20:56:19.209182,1.43
314,Product_314,Clothing,72.82,47,East,2025-11-16T20:56:20.209182,2.89
315,Product_315,Clothing,520.07,4,East,2025-11-16T20:56:21.209182,3.39
316,Product_316,Electronics,957.92,24,West,2025-11-16T20:56:22.209182,2.15
317,Product_317,Electronics,165.01,9,North,2025-11-16T20:56:23.209182,4.68
318,Product_318,Food,114.17,18,East,2025-11-16T20:56:24.209182,2.69
319,Product_319,Books,411.23,90,South,2025-11-16T20:56:25.209182,1.78
320,Product_320,Food,207.18,22,North,2025-11-16T20:56:26.209182,1.38
321,Product_321,Electronics,287.21,28,South,2025-11-16T20:56:27.209182,2.17
322,Product_322,Clothing,706.27,46,East,2025-11-16T20:56:28.209182,3.09
323,Product_323,Sports,892.73,73,North,2025-11-16T20:56:29.209182,1.67
324,Product_324,Sports,736.08,62,Central,2025-11-16T20:56:30.209182,3.2
325,Product_325,Toys,190.25,77,South,2025-11-16T20:56:31.209182,1.5
326,Product_326,Toys,275.64,79,East,2025-11-16T20:56:32.209182,2.43
327,Product_327,Toys,175.6,36,Central,2025-11-16T20:56:33.209182,3.07
328,Product_328,Toys,430.05,41,North,2025-11-16T20:56:34.209182,4.03
329,Product_329,Toys,475.23,29,Central,2025-11-16T20:56:35.209182,4.47
330,Product_330,Electronics,817.32,85,West,2025-11-16T20:56:36.209182,3.9
331,Product_331,Books,685.09,40,East,2025-11-16T20:56:37.209182,4.8
332,Product_332,Books,186.2,39,South,2025-11-16T20:56:38.209182,1.24
333,Product_333,Clothing,599.08,28,North,2025-11-16T20:56:39.209182,1.6
334,Product_334,Clothing,805.6,20,South,2025-11-16T20:56:40.209182,2.67
335,Product_335,Electronics,402.55,93,North,2025-11-16T20:56:41.209182,4.81
336,Product_336,Toys,46.96,55,West,2025-11-16T20:56:42.209182,2.0
337,Product_337,Toys,92.48,42,West,2025-11-16T20:56:43.209182,1.32
338,Product_338,Books,980.9,5,West,2025-11-16T20:56:44.209182,2.18
339,Product_339,Food,149.48,90,East,2025-11-16T20:56:45.209182,4.41
340,Product_340,Electronics,714.8,70,North,2025-11-16T20:56:46.209182,1.66
341,Product_341,Clothing,591.14,66,South,2025-11-16T20:56:47.209182,1.98
342,Product_342,Toys,463.76,82,South,2025-11-16T20:56:48.209182,2.22
343,Product_343,Electronics,281.29,27,South,2025-11-16T20:56:49.209182,4.46
344,Product_344,Food,375.74,82,West,2025-11-16T20:56:50.209182,2.84
345,Product_345,Electronics,257.87,96,North,2025-11-16T20:56:51.209182,1.45
346,Product_346,Sports,781.12,37,Central,2025-11-16T20:56:52.209182,3.65
347,Product_347,Toys,379.92,14,Central,2025-11-16T20:56:53.209182,1.35
348,Product_348,Toys,124.6,27,North,2025-11-16T20:56:54.209182,4.97
349,Product_349,Toys,814.08,9,West,2025-11-16T20:56:55.209182,4.19
350,Product_350,Clothing,814.06,98,Central,2025-11-16T20:56:56.209182,2.59
351,Product_351,Toys,347.54,54,South,2025-11-16T20:56:57.209182,3.8
352,Product_352,Electronics,111.27,37,North,2025-11-16T20:56:58.209182,4.23
353,Product_353,Food,985.82,8,South,2025-11-16T20:56:59.209182,3.65
354,Product_354,Electronics,288.76,33,South,2025-11-16T20:57:00.209182,4.69
355,Product_355,Sports,421.93,22,West,2025-11-16T20:57:01.209182,4.29
356,Product_356,Clothing,865.02,94,East,2025-11-16T20:57:02.209182,1.02
357,Product_357,Electronics,805.45,69,North,2025-11-16T20:57:03.209182,2.17
358,Product_358,Toys,273.09,35,West,2025-11-16T20:57:04.209182,1.99
359,Product_359,Clothing,301.47,42,East,2025-11-16T20:57:05.209182,4.73
360,Product_360,Toys,611.71,83,West,2025-11-16T20:57:06.209182,4.74
361,Product_361,Food,562.14,64,East,2025-11-16T20:57:07.209182,3.02
362,Product_362,Food,348.56,33,South,2025-11-16T20:57:08.209182,3.68
363,Product_363,Clothing,267.94,68,North,2025-11-16T20:57:09.209182,4.21
364,Product_364,Food,279.61,95,West,2025-11-16T20:57:10.209182,3.09
365,Product_365,Electronics,993.32,24,South,2025-11-16T20:57:11.209182,3.69
366,Product_366,Food,981.37,80,East,2025-11-16T20:57:12.209182,1.74
367,Product_367,Clothing,743.75,84,South,2025-11-16T20:57:13.209182,1.26
368,Product_368,Sports,358.55,24,South,2025-11-16T20:57:14.209182,3.42
369,Product_369,Sports,12.38,90,West,2025-11-16T20:57:15.209182,4.93
370,Product_370,Books,556.1,26,West,2025-11-16T20:57:16.209182,1.12
371,Product_371,Toys,668.71,36,West,2025-11-16T20:57:17.209182,2.54
372,Product_372,Toys,621.18,87,South,2025-11-16T20:57:18.209182,1.21
373,Product_373,Food,110.58,98,North,2025-11-16T20:57:19.209182,1.81
374,Product_374,Food,899.27,94,North,2025-11-16T20:57:20.209182,1.82
375,Product_375,Electronics,304.72,40,North,2025-11-16T20:57:21.209182,1.39
376,Product_376,Food,386.89,19,East,2025-11-16T20:57:22.209182,3.98
377,Product_377,Sports,723.32,92,Central,2025-11-16T20:57:23.209182,3.95
378,Product_378,Food,150.03,4,South,2025-11-16T20:57:24.209182,4.31
379,Product_379,Toys,948.57,70,West,2025-11-16T20:57:25.209182,1.18
380,Product_380,Toys,531.66,30,South,2025-11-16T20:57:26.209182,4.22
381,Product_381,Clothing,609.19,59,West,2025-11-16T20:57:27.209182,3.0
382,Product_382,Toys,609.5,69,East,2025-11-16T20:57:28.209182,2.84
383,Product_383,Toys,973.71,92,West,2025-11-16T20:57:29.209182,2.39
384,Product_384,Electronics,208.48,47,East,2025-11-16T20:57:30.209182,1.25
385,Product_385,Food,823.63,66,East,2025-11-16T20:57:31.209182,3.73
386,Product_386,Food,965.07,77,North,2025-11-16T20:57:32.209182,3.34
387,Product_387,Clothing,485.69,24,South,2025-11-16T20:57:33.209182,4.44
388,Product_388,Toys,986.28,31,West,2025-11-16T20:57:34.209182,2.33
389,Product_389,Electronics,570.38,90,South,2025-11-16T20:57:35.209182,3.53
390,Product_390,Books,671.38,59,East,2025-11-16T20:57:36.209182,2.37
391,Product_391,Food,617.8,48,North,2025-11-16T20:57:37.209182,3.56
392,Product_392,Books,555.24,17,East,2025-11-16T20:57:38.209182,3.29
393,Product_393,Electronics,594.76,52,East,2025-11-16T20:57:39.209182,4.04
394,Product_394,Food,601.07,38,North,2025-11-16T20:57:40.209182,4.51
395,Product_395,Sports,975.19,80,North,2025-11-16T20:57:41.209182,2.29
396,Product_396,Electronics,307.52,65,Central,2025-11-16T20:57:42.209182,1.87
397,Product_397,Electronics,818.0,20,Central,2025-11-16T20:57:43.209182,3.64
398,Product_398,Clothing,863.82,80,South,2025-11-16T20:57:44.209182,2.71
399,Product_399,Toys,425.6,59,West,2025-11-16T20:57:45.209182,2.21
400,Product_400,Toys,365.03,56,West,2025-11-16T20:57:46.209182,1.44
401,Product_401,Clothing,340.27,31,East,2025-11-16T20:57:47.209182,4.5
402,Product_402,Sports,630.59,77,Central,2025-11-16T20:57:48.209182,4.55
403,Product_403,Electronics,447.3,53,West,2025-11-16T20:57:49.209182,2.38
404,Product_404,Books,407.94,77,West,2025-11-16T20:57:50.209182,3.0
405,Product_405,Toys,788.85,15,South,2025-11-16T20:57:51.209182,4.84
406,Product_406,Food,582.31,67,East,2025-11-16T20:57:52.209182,4.01
407,Product_407,Books,953.86,15,South,2025-11-16T20:57:53.209182,2.13
408,Product_408,Food,50.87,98,North,2025-11-16T20:57:54.209182,3.96
409,Product_409,Food,91.49,52,Central,2025-11-16T20:57:55.209182,3.97
410,Product_410,Clothing,10.72,14,North,2025-11-16T20:57:56.209182,3.18
411,Product_411,Books,708.61,80,South,2025-11-16T20:57:57.209182,1.84
412,Product_412,Electronics,527.46,75,Central,2025-11-16T20:57:58.209182,3.09
413,Product_413,Toys,389.53,87,East,2025-11-16T20:57:59.209182,4.42
414,Product_414,Food,883.83,90,North,2025-11-16T20:58:00.209182,4.54
415,Product_415,Toys,963.47,47,East,2025-11-16T20:58:01.209182,1.31
416,Product_416,Food,165.66,91,North,2025-11-16T20:58:02.209182,2.47
417,Product_417,Sports,148.85,48,Central,2025-11-16T20:58:03.209182,1.04
418,Product_418,Electronics,635.6,100,North,2025-11-16T20:58:04.209182,4.28
419,Product_419,Electronics,322.78,100,South,2025-11-16T20:58:05.209182,2.6
420,Product_420,Food,539.31,14,Central,2025-11-16T20:58:06.209182,2.49
421,Product_421,Electronics,110.67,20,West,2025-11-16T20:58:07.209182,4.59
422,Product_422,Sports,550.52,31,Central,2025-11-16T20:58:08.209182,1.94
423,Product_423,Clothing,315.36,57,East,2025-11-16T20:58:09.209182,3.83
424,Product_424,Books,738.42,18,East,2025-11-16T20:58:10.209182,3.17
425,Product_425,Food,547.75,43,Central,2025-11-16T20:58:11.209182,4.9
426,Product_426,Food,745.96,62,East,2025-11-16T20:58:12.209182,4.05
427,Product_427,Sports,966.65,19,North,2025-11-16T20:58:13.209182,1.25
428,Product_428,Clothing,405.48,12,North,2025-11-16T20:58:14.209182,2.64
429,Product_429,Toys,662.15,51,North,2025-11-16T20:58:15.209182,3.39
430,Product_430,Clothing,364.26,94,South,2025-11-16T20:58:16.209182,3.25
431,Product_431,Food,488.52,40,Central,2025-11-16T20:58:17.209182,1.2
432,Product_432,Books,288.02,35,South,2025-11-16T20:58:18.209182,2.15
433,Product_433,Electronics,918.7,45,Central,2025-11-16T20:58:19.209182,1.23
434,Product_434,Books,456.56,63,South,2025-11-16T20:58:20.209182,3.1
435,Product_435,Clothing,78.07,84,North,2025-11-16T20:58:21.209182,2.13
436,Product_436,Books,433.41,51,North,2025-11-16T20:58:22.209182,4.88
437,Product_437,Sports,870.31,13,Central,2025-11-16T20:58:23.209182,2.78
438,Product_438,Sports,171.14,36,North,2025-11-16T20:58:24.209182,3.78
439,Product_439,Books,23.3,33,Central,2025-11-16T20:58:25.209182,4.55
440,Product_440,Electronics,192.75,73,West,2025-11-16T20:58:26.209182,3.9
441,Product_441,Electronics,721.06,58,North,2025-11-16T20:58:27.209182,1.22
442,Product_442,Food,143.57,94,West,2025-11-16T20:58:28.209182,4.75
443,Product_443,Toys,597.86,18,East,2025-11-16T20:58:29.209182,1.34
444,Product_444,Food,286.18,98,South,2025-11-16T20:58:30.209182,1.41
445,Product_445,Electronics,745.31,57,North,2025-11-16T20:58:31.209182,1.83
446,Product_446,Clothing,441.62,31,South,2025-11-16T20:58:32.209182,2.18
447,Product_447,Toys,516.15,99,South,2025-11-16T20:58:33.209182,2.53
448,Product_448,Toys,733.69,88,East,2025-11-16T20:58:34.209182,1.89
449,Product_449,Clothing,251.29,14,Central,2025-11-16T20:58:35.209182,2.03
450,Product_450,Sports,965.47,99,West,2025-11-16T20:58:36.209182,4.17
451,Product_451,Clothing,25.27,82,South,2025-11-16T20:58:37.209182,4.2
452,Product_452,Toys,893.59,64,East,2025-11-16T20:58:38.209182,3.2
453,Product_453,Sports,644.2,41,East,2025-11-16T20:58:39.209182,4.33
454,Product_454,Electronics,756.26,94,West,2025-11-16T20:58:40.209182,1.87
455,Product_455,Food,248.05,4,East,2025-11-16T20:58:41.209182,2.41
456,Product_456,Books,370.61,22,Central,2025-11-16T20:58:42.209182,3.3
457,Product_457,Food,779.22,90,North,2025-11-16T20:58:43.209182,1.25
458,Product_458,Food,743.51,80,South,2025-11-16T20:58:44.209182,4.39
459,Product_459,Clothing,22.37,85,South,2025-11-16T20:58:45.209182,4.21
460,Product_460,Clothing,973.73,41,South,2025-11-16T20:58:46.209182,4.45
461,Product_461,Food,336.41,36,Central,2025-11-16T20:58:47.209182,1.58
462,Product_462,Clothing,917.36,85,Central,2025-11-16T20:58:48.209182,3.88
463,Product_463,Sports,292.23,54,North,2025-11-16T20:58:49.209182,4.45
464,Product_464,Sports,423.74,82,East,2025-11-16T20:58:50.209182,4.84
465,Product_465,Toys,344.12,59,Central,2025-11-16T20:58:51.209182,3.47
466,Product_466,Sports,693.42,44,East,2025-11-16T20:58:52.209182,4.07
467,Product_467,Clothing,361.48,96,Central,2025-11-16T20:58:53.209182,2.95
468,Product_468,Electronics,40.78,12,Central,2025-11-16T20:58:54.209182,2.95
469,Product_469,Food,379.07,25,North,2025-11-16T20:58:55.209182,2.2
470,Product_470,Food,278.65,22,Central,2025-11-16T20:58:56.209182,1.58
471,Product_471,Clothing,233.91,44,North,2025-11-16T20:58:57.209182,2.55
472,Product_472,Sports,272.72,71,West,2025-11-16T20:58:58.209182,3.09
473,Product_473,Electronics,21.9,17,North,2025-11-16T20:58:59.209182,2.7
474,Product_474,Food,804.4,85,Central,2025-11-16T20:59:00.209182,4.93
475,Product_475,Books,747.45,2,Central,2025-11-16T20:59:01.209182,3.37
476,Product_476,Food,571.53,40,West,2025-11-16T20:59:02.209182,3.37
477,Product_477,Sports,385.69,54,East,2025-11-16T20:59:03.209182,2.68
478,Product_478,Sports,287.59,40,West,2025-11-16T20:59:04.209182,1.54
479,Product_479,Books,459.36,34,Central,2025-11-16T20:59:05.209182,1.04
480,Product_480,Sports,683.9,11,West,2025-11-16T20:59:06.209182,1.05
481,Product_481,Books,820.9,28,North,2025-11-16T20:59:07.209182,3.49
482,Product_482,Sports,853.43,94,East,2025-11-16T20:59:08.209182,2.59
483,Product_483,Toys,34.35,99,Central,2025-11-16T20:59:09.209182,2.99
484,Product_484,Food,75.13,47,East,2025-11-16T20:59:10.209182,1.38
485,Product_485,Electronics,225.11,47,West,2025-11-16T20:59:11.209182,4.01
486,Product_486,Toys,427.39,48,West,2025-11-16T20:59:12.209182,4.49
487,Product_487,Sports,604.43,68,North,2025-11-16T20:59:13.209182,2.03
488,Product_488,Toys,332.52,47,North,2025-11-16T20:59:14.209182,2.5
489,Product_489,Books,239.94,61,South,2025-11-16T20:59:15.209182,1.25
490,Product_490,Sports,96.85,11,Central,2025-11-16T20:59:16.209182,3.97
491,Product_491,Sports,881.04,82,North,2025-11-16T20:59:17.209182,4.3
492,Product_492,Clothing,770.15,97,West,2025-11-16T20:59:18.209182,2.22
493,Product_493,Books,623.11,19,Central,2025-11-16T20:59:19.209182,4.66
494,Product_494,Sports,916.77,32,East,2025-11-16T20:59:20.209182,3.98
495,Product_495,Clothing,900.16,76,West,2025-11-16T20:59:21.209182,3.21
496,Product_496,Clothing,149.14,4,West,2025-11-16T20:59:22.209182,2.8
497,Product_497,Toys,405.78,73,North,2025-11-16T20:59:23.209182,3.99
498,Product_498,Clothing,950.4,19,Central,2025-11-16T20:59:24.209182,2.27
499,Product_499,Food,291.94,47,West,2025-11-16T20:59:25.209182,2.23
500,Product_500,Books,332.3,68,Central,2025-11-16T20:59:26.209182,1.94
501,Product_501,Sports,76.89,81,East,2025-11-16T20:59:27.209182,4.64
502,Product_502,Clothing,920.52,17,Central,2025-11-16T20:59:28.209182,1.92
503,Product_503,Food,94.62,82,South,2025-11-16T20:59:29.209182,3.92
504,Product_504,Toys,725.93,98,East,2025-11-16T20:59:30.209182,4.64
505,Product_505,Sports,124.95,72,Central,2025-11-16T20:59:31.209182,1.55
506,Product_506,Food,714.39,52,Central,2025-11-16T20:59:32.209182,2.47
507,Product_507,Books,219.66,17,South,2025-11-16T20:59:33.209182,2.98
508,Product_508,Sports,445.43,74,Central,2025-11-16T20:59:34.209182,2.21
509,Product_509,Toys,182.36,41,Central,2025-11-16T20:59:35.209182,2.23
510,Product_510,Books,12.18,46,South,2025-11-16T20:59:36.209182,4.11
511,Product_511,Clothing,538.22,88,North,2025-11-16T20:59:37.209182,3.17
512,Product_512,Clothing,316.24,18,West,2025-11-16T20:59:38.209182,4.27
513,Product_513,Sports,255.22,14,South,2025-11-16T20:59:39.209182,1.71
514,Product_514,Toys,645.44,55,South,2025-11-16T20:59:40.209182,3.14
515,Product_515,Toys,496.05,34,South,2025-11-16T20:59:41.209182,1.35
516,Product_516,Electronics,281.39,44,North,2025-11-16T20:59:42.209182,2.35
517,Product_517,Books,480.45,34,West,2025-11-16T20:59:43.209182,1.66
518,Product_518,Food,676.84,24,West,2025-11-16T20:59:44.209182,2.67
519,Product_519,Sports,80.33,43,North,2025-11-16T20:59:45.209182,3.22
520,Product_520,Toys,259.81,20,South,2025-11-16T20:59:46.209182,2.21
521,Product_521,Toys,757.42,54,North,2025-11-16T20:59:47.209182,4.95
522,Product_522,Books,80.4,91,East,2025-11-16T20:59:48.209182,2.72
523,Product_523,Electronics,594.3,8,Central,2025-11-16T20:59:49.209182,3.56
524,Product_524,Sports,953.33,74,North,2025-11-16T20:59:50.209182,3.33
525,Product_525,Food,583.37,16,South,2025-11-16T20:59:51.209182,4.16
526,Product_526,Food,22.47,69,West,2025-11-16T20:59:52.209182,4.51
527,Product_527,Food,551.42,69,South,2025-11-16T20:59:53.209182,1.52
528,Product_528,Toys,46.33,73,South,2025-11-16T20:59:54.209182,2.4
529,Product_529,Toys,682.27,79,West,2025-11-16T20:59:55.209182,4.42
530,Product_530,Food,597.27,28,East,2025-11-16T20:59:56.209182,4.92
531,Product_531,Books,49.23,84,North,2025-11-16T20:59:57.209182,3.79
532,Product_532,Clothing,176.0,78,East,2025-11-16T20:59:58.209182,4.23
533,Product_533,Food,978.94,99,South,2025-11-16T20:59:59.209182,2.21
534,Product_534,Sports,407.44,2,West,2025-11-16T21:00:00.209182,1.17
535,Product_535,Toys,482.55,81,North,2025-11-16T21:00:01.209182,4.09
536,Product_536,Toys,495.84,67,South,2025-11-16T21:00:02.209182,3.22
537,Product_537,Books,340.65,16,West,2025-11-16T21:00:03.209182,4.45
538,Product_538,Electronics,609.6,16,East,2025-11-16T21:00:04.209182,3.56
539,Product_539,Toys,514.86,34,East,2025-11-16T21:00:05.209182,1.37
540,Product_540,Food,272.97,35,West,2025-11-16T21:00:06.209182,4.62
541,Product_541,Sports,63.43,12,East,2025-11-16T21:00:07.209182,4.35
542,Product_542,Toys,295.99,3,Central,2025-11-16T21:00:08.209182,2.14
543,Product_543,Toys,552.06,37,West,2025-11-16T21:00:09.209182,2.95
544,Product_544,Food,41.16,26,South,2025-11-16T21:00:10.209182,3.4
545,Product_545,Clothing,414.73,34,West,2025-11-16T21:00:11.209182,2.03
546,Product_546,Clothing,874.05,44,West,2025-11-16T21:00:12.209182,2.12
547,Product_547,Sports,760.08,55,West,2025-11-16T21:00:13.209182,2.6
548,Product_548,Sports,739.56,12,North,2025-11-16T21:00:14.209182,3.56
549,Product_549,Clothing,782.22,60,West,2025-11-16T21:00:15.209182,4.33
550,Product_550,Clothing,377.62,50,East,2025-11-16T21:00:16.209182,3.4
551,Product_551,Clothing,990.06,5,West,2025-11-16T21:00:17.209182,3.83
552,Product_552,Electronics,180.44,86,Central,2025-11-16T21:00:18.209182,4.37
553,Product_553,Books,658.48,20,West,2025-11-16T21:00:19.209182,2.53
554,Product_554,Sports,534.94,18,South,2025-11-16T21:00:20.209182,3.69
555,Product_555,Food,670.8,39,West,2025-11-16T21:00:21.209182,1.34
556,Product_556,Books,989.49,86,Central,2025-11-16T21:00:22.209182,2.28
557,Product_557,Sports,210.36,90,North,2025-11-16T21:00:23.209182,4.09
558,Product_558,Electronics,415.44,64,South,2025-11-16T21:00:24.209182,4.68
559,Product_559,Sports,879.95,14,South,2025-11-16T21:00:25.209182,3.34
560,Product_560,Sports,865.41,25,Central,2025-11-16T21:00:26.209182,3.67
561,Product_561,Electronics,497.64,44,South,2025-11-16T21:00:27.209182,4.94
562,Product_562,Food,358.81,87,North,2025-11-16T21:00:28.209182,4.46
563,Product_563,Food,761.56,2,North,2025-11-16T21:00:29.209182,2.13
564,Product_564,Food,538.16,28,North,2025-11-16T21:00:30.209182,2.09
565,Product_565,Clothing,593.76,64,West,2025-11-16T21:00:31.209182,3.42
566,Product_566,Books,476.21,42,South,2025-11-16T21:00:32.209182,3.34
567,Product_567,Food,431.95,29,East,2025-11-16T21:00:33.209182,3.34
568,Product_568,Sports,433.53,67,East,2025-11-16T21:00:34.209182,4.69
569,Product_569,Sports,139.97,16,East,2025-11-16T21:00:35.209182,1.71
570,Product_570,Electronics,780.06,97,Central,2025-11-16T21:00:36.209182,4.13
571,Product_571,Sports,808.58,65,East,2025-11-16T21:00:37.209182,4.29
572,Product_572,Sports,860.28,94,South,2025-11-16T21:00:38.209182,4.68
573,Product_573,Toys,809.06,19,West,2025-11-16T21:00:39.209182,1.74
574,Product_574,Clothing,220.86,73,West,2025-11-16T21:00:40.209182,1.15
575,Product_575,Books,686.72,52,North,2025-11-16T21:00:41.209182,3.63
576,Product_576,Toys,19.07,51,West,2025-11-16T21:00:42.209182,2.09
577,Product_577,Books,446.33,6,East,2025-11-16T21:00:43.209182,1.76
578,Product_578,Clothing,772.63,29,East,2025-11-16T21:00:44.209182,1.58
579,Product_579,Food,609.69,37,Central,2025-11-16T21:00:45.209182,2.64
580,Product_580,Toys,500.1,33,North,2025-11-16T21:00:46.209182,3.05
581,Product_581,Food,630.52,54,East,2025-11-16T21:00:47.209182,1.79
582,Product_582,Electronics,323.79,40,South,2025-11-16T21:00:48.209182,3.81
583,Product_583,Sports,615.18,37,East,2025-11-16T21:00:49.209182,4.45
584,Product_584,Books,15.38,68,East,2025-11-16T21:00:50.209182,2.67
585,Product_585,Food,570.3,88,South,2025-11-16T21:00:51.209182,4.96
586,Product_586,Toys,996.39,34,South,2025-11-16T21:00:52.209182,3.28
587,Product_587,Electronics,904.79,21,East,2025-11-16T21:00:53.209182,2.12
588,Product_588,Sports,287.06,79,North,2025-11-16T21:00:54.209182,1.46
589,Product_589,Sports,977.26,27,South,2025-11-16T21:00:55.209182,1.76
590,Product_590,Electronics,536.11,71,West,2025-11-16T21:00:56.209182,2.64
591,Product_591,Electronics,815.56,44,West,2025-11-16T21:00:57.209182,4.37
592,Product_592,Sports,162.03,30,North,2025-11-16T21:00:58.209182,4.84
593,Product_593,Sports,387.22,7,North,2025-11-16T21:00:59.209182,3.35
594,Product_594,Electronics,196.98,70,East,2025-11-16T21:01:00.209182,1.49
595,Product_595,Electronics,863.85,63,Central,2025-11-16T21:01:01.209182,1.86
596,Product_596,Clothing,455.37,45,West,2025-11-16T21:01:02.209182,3.07
597,Product_597,Toys,127.53,68,West,2025-11-16T21:01:03.209182,4.95
598,Product_598,Clothing,345.16,31,East,2025-11-16T21:01:04.209182,4.49
599,Product_599,Electronics,112.42,76,North,2025-11-16T21:01:05.209182,4.2
600,Product_600,Clothing,375.0,90,East,2025-11-16T21:01:06.209182,3.17
601,Product_601,Electronics,418.23,35,South,2025-11-16T21:01:07.209182,2.68
602,Product_602,Toys,836.2,63,East,2025-11-16T21:01:08.209182,3.94
603,Product_603,Clothing,243.3,16,East,2025-11-16T21:01:09.209182,1.23
604,Product_604,Books,992.9,28,South,2025-11-16T21:01:10.209182,2.91
605,Product_605,Sports,486.11,93,West,2025-11-16T21:01:11.209182,4.41
606,Product_606,Food,671.35,17,East,2025-11-16T21:01:12.209182,4.7
607,Product_607,Toys,404.71,84,South,2025-11-16T21:01:13.209182,4.82
608,Product_608,Books,441.5,77,North,2025-11-16T21:01:14.209182,2.69
609,Product_609,Clothing,942.77,41,North,2025-11-16T21:01:15.209182,4.78
610,Product_610,Electronics,682.2,32,South,2025-11-16T21:01:16.209182,4.85
611,Product_611,Clothing,970.29,82,West,2025-11-16T21:01:17.209182,4.26
612,Product_612,Clothing,457.23,62,North,2025-11-16T21:01:18.209182,3.7
613,Product_613,Electronics,17.49,18,East,2025-11-16T21:01:19.209182,4.9
614,Product_614,Sports,669.83,59,East,2025-11-16T21:01:20.209182,2.71
615,Product_615,Books,496.59,96,West,2025-11-16T21:01:21.209182,2.26
616,Product_616,Books,925.6,63,West,2025-11-16T21:01:22.209182,4.57
617,Product_617,Clothing,690.57,20,South,2025-11-16T21:01:23.209182,2.53
618,Product_618,Food,255.14,8,Central,2025-11-16T21:01:24.209182,2.87
619,Product_619,Books,532.12,88,South,2025-11-16T21:01:25.209182,3.65
620,Product_620,Books,786.94,54,West,2025-11-16T21:01:26.209182,3.36
621,Product_621,Sports,381.62,49,Central,2025-11-16T21:01:27.209182,4.54
622,Product_622,Clothing,719.78,53,North,2025-11-16T21:01:28.209182,3.46
623,Product_623,Electronics,858.85,56,East,2025-11-16T21:01:29.209182,4.14
624,Product_624,Sports,499.2,31,South,2025-11-16T21:01:30.209182,3.27
625,Product_625,Food,308.19,66,Central,2025-11-16T21:01:31.209182,2.63
626,Product_626,Toys,917.11,52,South,2025-11-16T21:01:32.209182,1.64
627,Product_627,Books,198.83,40,East,2025-11-16T21:01:33.209182,3.04
628,Product_628,Toys,405.32,10,North,2025-11-16T21:01:34.209182,3.99
629,Product_629,Books,444.33,28,Central,2025-11-16T21:01:35.209182,1.8
630,Product_630,Books,90.24,28,Central,2025-11-16T21:01:36.209182,1.6
631,Product_631,Books,222.43,33,East,2025-11-16T21:01:37.209182,3.75
632,Product_632,Electronics,495.03,5,East,2025-11-16T21:01:38.209182,3.55
633,Product_633,Food,456.91,12,East,2025-11-16T21:01:39.209182,4.52
634,Product_634,Books,849.21,43,Central,2025-11-16T21:01:40.209182,2.58
635,Product_635,Electronics,193.36,31,Central,2025-11-16T21:01:41.209182,4.35
636,Product_636,Clothing,180.99,13,South,2025-11-16T21:01:42.209182,2.47
637,Product_637,Food,193.61,30,West,2025-11-16T21:01:43.209182,4.41
638,Product_638,Electronics,589.94,49,West,2025-11-16T21:01:44.209182,3.45
639,Product_639,Sports,123.28,67,South,2025-11-16T21:01:45.209182,4.09
640,Product_640,Clothing,372.08,97,West,2025-11-16T21:01:46.209182,1.88
641,Product_641,Food,85.43,49,Central,2025-11-16T21:01:47.209182,3.74
642,Product_642,Books,464.33,83,East,2025-11-16T21:01:48.209182,3.88
643,Product_643,Books,164.65,70,West,2025-11-16T21:01:49.209182,3.75
644,Product_644,Books,40.13,39,West,2025-11-16T21:01:50.209182,3.49
645,Product_645,Electronics,903.15,86,Central,2025-11-16T21:01:51.209182,1.24
646,Product_646,Toys,892.06,31,South,2025-11-16T21:01:52.209182,3.01
647,Product_647,Clothing,899.13,20,Central,2025-11-16T21:01:53.209182,1.94
648,Product_648,Books,249.4,42,South,2025-11-16T21:01:54.209182,1.07
649,Product_649,Electronics,559.25,84,South,2025-11-16T21:01:55.209182,4.09
650,Product_650,Books,982.41,5,South,2025-11-16T21:01:56.209182,1.47
651,Product_651,Food,864.57,54,East,2025-11-16T21:01:57.209182,2.68
652,Product_652,Clothing,12.1,65,Central,2025-11-16T21:01:58.209182,3.22
653,Product_653,Food,608.19,61,West,2025-11-16T21:01:59.209182,4.44
654,Product_654,Sports,14.72,55,South,2025-11-16T21:02:00.209182,2.49
655,Product_655,Electronics,213.38,57,North,2025-11-16T21:02:01.209182,3.73
656,Product_656,Clothing,155.05,1,East,2025-11-16T21:02:02.209182,2.45
657,Product_657,Food,403.44,27,Central,2025-11-16T21:02:03.209182,4.27
658,Product_658,Sports,408.41,98,Central,2025-11-16T21:02:04.209182,3.1
659,Product_659,Sports,107.86,30,East,2025-11-16T21:02:05.209182,2.55
660,Product_660,Toys,854.34,62,Central,2025-11-16T21:02:06.209182,1.56
661,Product_661,Books,891.43,94,South,2025-11-16T21:02:07.209182,2.57
662,Product_662,Sports,122.9,98,Central,2025-11-16T21:02:08.209182,4.5
663,Product_663,Sports,967.35,90,West,2025-11-16T21:02:09.209182,2.25
664,Product_664,Sports,375.25,44,North,2025-11-16T21:02:10.209182,3.47
665,Product_665,Books,103.62,35,South,2025-11-16T21:02:11.209182,2.96
666,Product_666,Electronics,125.06,15,East,2025-11-16T21:02:12.209182,3.24
667,Product_667,Sports,428.05,64,Central,2025-11-16T21:02:13.209182,3.56
668,Product_668,Sports,164.85,96,South,2025-11-16T21:02:14.209182,4.14
669,Product_669,Toys,51.72,88,East,2025-11-16T21:02:15.209182,3.37
670,Product_670,Toys,905.34,57,East,2025-11-16T21:02:16.209182,1.97
671,Product_671,Toys,685.25,66,North,2025-11-16T21:02:17.209182,2.1
672,Product_672,Food,138.14,55,South,2025-11-16T21:02:18.209182,4.35
673,Product_673,Clothing,185.32,3,East,2025-11-16T21:02:19.209182,4.47
674,Product_674,Clothing,24.83,23,North,2025-11-16T21:02:20.209182,1.06
675,Product_675,Electronics,354.66,35,Central,2025-11-16T21:02:21.209182,4.0
676,Product_676,Toys,158.21,18,East,2025-11-16T21:02:22.209182,3.39
677,Product_677,Sports,910.47,24,West,2025-11-16T21:02:23.209182,4.18
678,Product_678,Sports,215.89,1,North,2025-11-16T21:02:24.209182,1.75
679,Product_679,Toys,128.16,61,North,2025-11-16T21:02:25.209182,2.11
680,Product_680,Toys,456.92,11,South,2025-11-16T21:02:26.209182,2.77
681,Product_681,Books,26.78,65,West,2025-11-16T21:02:27.209182,1.62
682,Product_682,Books,78.27,3,North,2025-11-16T21:02:28.209182,3.02
683,Product_683,Food,190.7,48,West,2025-11-16T21:02:29.209182,1.42
684,Product_684,Electronics,762.37,39,East,2025-11-16T21:02:30.209182,4.9
685,Product_685,Sports,248.95,12,South,2025-11-16T21:02:31.209182,3.7
686,Product_686,Food,380.38,71,East,2025-11-16T21:02:32.209182,4.36
687,Product_687,Clothing,444.45,73,South,2025-11-16T21:02:33.209182,2.38
688,Product_688,Clothing,246.07,13,West,2025-11-16T21:02:34.209182,3.88
689,Product_689,Food,909.21,20,West,2025-11-16T21:02:35.209182,3.0
690,Product_690,Books,530.95,23,North,2025-11-16T21:02:36.209182,3.59
691,Product_691,Toys,844.37,76,North,2025-11-16T21:02:37.209182,1.5
692,Product_692,Sports,376.54,100,East,2025-11-16T21:02:38.209182,4.47
693,Product_693,Sports,960.73,17,West,2025-11-16T21:02:39.209182,2.91
694,Product_694,Food,631.16,24,West,2025-11-16T21:02:40.209182,2.67
695,Product_695,Food,10.5,27,Central,2025-11-16T21:02:41.209182,2.14
696,Product_696,Clothing,713.73,73,North,2025-11-16T21:02:42.209182,1.08
697,Product_697,Toys,426.63,81,South,2025-11-16T21:02:43.209182,4.93
698,Product_698,Electronics,838.7,5,South,2025-11-16T21:02:44.209182,2.97
699,Product_699,Electronics,592.27,88,East,2025-11-16T21:02:45.209182,3.23
700,Product_700,Toys,781.73,99,West,2025-11-16T21:02:46.209182,4.53
701,Product_701,Food,375.7,51,East,2025-11-16T21:02:47.209182,1.35
702,Product_702,Toys,885.99,92,East,2025-11-16T21:02:48.209182,4.17
703,Product_703,Electronics,961.76,29,South,2025-11-16T21:02:49.209182,1.74
704,Product_704,Sports,950.09,41,Central,2025-11-16T21:02:50.209182,3.48
705,Product_705,Toys,234.22,51,East,2025-11-16T21:02:51.209182,3.24
706,Product_706,Food,421.79,60,Central,2025-11-16T21:02:52.209182,4.04
707,Product_707,Books,96.05,59,Central,2025-11-16T21:02:53.209182,2.21
708,Product_708,Clothing,418.77,7,North,2025-11-16T21:02:54.209182,1.52
709,Product_709,Books,691.1,67,Central,2025-11-16T21:02:55.209182,4.83
710,Product_710,Sports,951.87,89,East,2025-11-16T21:02:56.209182,2.82
711,Product_711,Toys,322.28,73,North,2025-11-16T21:02:57.209182,4.15
712,Product_712,Food,486.67,39,South,2025-11-16T21:02:58.209182,2.14
713,Product_713,Clothing,269.82,89,South,2025-11-16T21:02:59.209182,2.9
714,Product_714,Toys,245.81,41,North,2025-11-16T21:03:00.209182,3.57
715,Product_715,Electronics,383.81,90,West,2025-11-16T21:03:01.209182,3.18
716,Product_716,Food,727.49,46,East,2025-11-16T21:03:02.209182,2.25
717,Product_717,Food,495.2,28,Central,2025-11-16T21:03:03.209182,2.57
718,Product_718,Clothing,934.71,33,East,2025-11-16T21:03:04.209182,3.52
719,Product_719,Sports,255.76,75,East,2025-11-16T21:03:05.209182,1.51
720,Product_720,Clothing,102.98,24,South,2025-11-16T21:03:06.209182,1.96
721,Product_721,Sports,736.07,6,East,2025-11-16T21:03:07.209182,3.6
722,Product_722,Toys,75.18,21,Central,2025-11-16T21:03:08.209182,1.36
723,Product_723,Food,710.35,70,South,2025-11-16T21:03:09.209182,4.25
724,Product_724,Electronics,917.05,74,West,2025-11-16T21:03:10.209182,2.77
725,Product_725,Sports,616.07,66,Central,2025-11-16T21:03:11.209182,2.4
726,Product_726,Clothing,576.73,1,Central,2025-11-16T21:03:12.209182,1.77
727,Product_727,Clothing,139.08,3,East,2025-11-16T21:03:13.209182,2.56
728,Product_728,Electronics,364.97,13,South,2025-11-16T21:03:14.209182,1.5
729,Product_729,Food,297.63,26,East,2025-11-16T21:03:15.209182,4.53
730,Product_730,Toys,848.33,16,West,2025-11-16T21:03:16.209182,2.87
731,Product_731,Sports,587.12,47,West,2025-11-16T21:03:17.209182,3.21
732,Product_732,Food,455.82,69,East,2025-11-16T21:03:18.209182,1.2
733,Product_733,Clothing,423.56,16,West,2025-11-16T21:03:19.209182,2.89
734,Product_734,Food,55.88,48,West,2025-11-16T21:03:20.209182,1.07
735,Product_735,Electronics,663.35,73,North,2025-11-16T21:03:21.209182,1.99
736,Product_736,Electronics,887.55,13,South,2025-11-16T21:03:22.209182,2.41
737,Product_737,Food,778.65,5,North,2025-11-16T21:03:23.209182,3.36
738,Product_738,Sports,371.33,60,Central,2025-11-16T21:03:24.209182,1.88
739,Product_739,Clothing,582.96,79,West,2025-11-16T21:03:25.209182,3.06
740,Product_740,Books,969.27,29,Central,2025-11-16T21:03:26.209182,3.4
741,Product_741,Toys,305.12,32,North,2025-11-16T21:03:27.209182,4.57
742,Product_742,Clothing,454.76,9,South,2025-11-16T21:03:28.209182,4.19
743,Product_743,Sports,895.61,86,Central,2025-11-16T21:03:29.209182,2.41
744,Product_744,Books,43.34,36,West,2025-11-16T21:03:30.209182,3.09
745,Product_745,Books,206.65,44,West,2025-11-16T21:03:31.209182,2.9
746,Product_746,Books,575.34,15,West,2025-11-16T21:03:32.209182,3.27
747,Product_747,Toys,197.81,50,South,2025-11-16T21:03:33.209182,1.59
748,Product_748,Books,358.61,18,West,2025-11-16T21:03:34.209182,3.64
749,Product_749,Food,139.98,4,Central,2025-11-16T21:03:35.209182,4.14
750,Product_750,Electronics,381.7,100,South,2025-11-16T21:03:36.209182,1.23
751,Product_751,Books,428.58,14,South,2025-11-16T21:03:37.209182,3.96
752,Product_752,Clothing,731.29,33,West,2025-11-16T21:03:38.209182,1.48
753,Product_753,Electronics,464.85,25,Central,2025-11-16T21:03:39.209182,1.59
754,Product_754,Clothing,171.15,93,South,2025-11-16T21:03:40.209182,4.56
755,Product_755,Clothing,679.89,32,South,2025-11-16T21:03:41.209182,3.78
756,Product_756,Electronics,927.07,85,East,2025-11-16T21:03:42.209182,1.04
757,Product_757,Toys,328.82,76,South,2025-11-16T21:03:43.209182,3.39
758,Product_758,Toys,227.42,57,South,2025-11-16T21:03:44.209182,2.38
759,Product_759,Books,796.77,38,North,2025-11-16T21:03:45.209182,2.35
760,Product_760,Electronics,718.97,31,North,2025-11-16T21:03:46.209182,2.73
761,Product_761,Clothing,455.88,70,West,2025-11-16T21:03:47.209182,3.9
762,Product_762,Electronics,734.99,24,North,2025-11-16T21:03:48.209182,4.86
763,Product_763,Sports,596.55,63,North,2025-11-16T21:03:49.209182,4.39
764,Product_764,Food,50.65,62,East,2025-11-16T21:03:50.209182,4.18
765,Product_765,Toys,90.72,20,Central,2025-11-16T21:03:51.209182,3.14
766,Product_766,Electronics,219.94,52,South,2025-11-16T21:03:52.209182,4.97
767,Product_767,Food,748.32,74,North,2025-11-16T21:03:53.209182,4.58
768,Product_768,Sports,896.47,7,Central,2025-11-16T21:03:54.209182,2.37
769,Product_769,Sports,24.19,53,West,2025-11-16T21:03:55.209182,1.36
770,Product_770,Toys,838.61,41,East,2025-11-16T21:03:56.209182,4.41
771,Product_771,Food,348.03,3,South,2025-11-16T21:03:57.209182,1.8
772,Product_772,Food,202.64,86,West,2025-11-16T21:03:58.209182,1.08
773,Product_773,Food,882.4,83,North,2025-11-16T21:03:59.209182,4.63
774,Product_774,Clothing,891.2,2,West,2025-11-16T21:04:00.209182,4.28
775,Product_775,Toys,167.7,42,South,2025-11-16T21:04:01.209182,2.41
776,Product_776,Sports,401.38,64,Central,2025-11-16T21:04:02.209182,2.17
777,Product_777,Toys,25.45,24,North,2025-11-16T21:04:03.209182,2.85
778,Product_778,Sports,808.66,30,East,2025-11-16T21:04:04.209182,2.18
779,Product_779,Clothing,142.64,29,North,2025-11-16T21:04:05.209182,4.3
780,Product_780,Electronics,350.49,77,Central,2025-11-16T21:04:06.209182,3.74
781,Product_781,Food,427.61,24,West,2025-11-16T21:04:07.209182,1.31
782,Product_782,Toys,186.68,54,East,2025-11-16T21:04:08.209182,1.22
783,Product_783,Electronics,715.4,56,East,2025-11-16T21:04:09.209182,3.56
784,Product_784,Toys,931.74,73,North,2025-11-16T21:04:10.209182,2.44
785,Product_785,Sports,420.06,21,Central,2025-11-16T21:04:11.209182,1.29
786,Product_786,Toys,381.64,11,South,2025-11-16T21:04:12.209182,2.63
787,Product_787,Books,705.83,55,East,2025-11-16T21:04:13.209182,4.31
788,Product_788,Books,791.66,81,Central,2025-11-16T21:04:14.209182,3.27
789,Product_789,Electronics,186.61,68,Central,2025-11-16T21:04:15.209182,3.34
790,Product_790,Clothing,841.39,7,North,2025-11-16T21:04:16.209182,4.6
791,Product_791,Sports,460.47,62,Central,2025-11-16T21:04:17.209182,2.85
792,Product_792,Food,502.58,41,South,2025-11-16T21:04:18.209182,2.07
793,Product_793,Books,407.35,7,South,2025-11-16T21:04:19.209182,3.89
794,Product_794,Clothing,866.68,22,East,2025-11-16T21:04:20.209182,4.86
795,Product_795,Sports,229.82,20,North,2025-11-16T21:04:21.209182,3.77
796,Product_796,Books,434.21,96,West,2025-11-16T21:04:22.209182,2.92
797,Product_797,Food,363.23,33,East,2025-11-16T21:04:23.209182,1.37
798,Product_798,Clothing,806.0,48,East,2025-11-16T21:04:24.209182,3.57
799,Product_799,Clothing,41.81,63,North,2025-11-16T21:04:25.209182,1.02
800,Product_800,Sports,269.84,81,East,2025-11-16T21:04:26.209182,1.46
801,Product_801,Sports,261.32,89,Central,2025-11-16T21:04:27.209182,4.73
802,Product_802,Clothing,705.3,80,Central,2025-11-16T21:04:28.209182,1.15
803,Product_803,Sports,631.39,83,East,2025-11-16T21:04:29.209182,4.61
804,Product_804,Food,290.39,95,North,2025-11-16T21:04:30.209182,1.13
805,Product_805,Clothing,480.24,95,East,2025-11-16T21:04:31.209182,1.03
806,Product_806,Toys,928.83,40,North,2025-11-16T21:04:32.209182,1.08
807,Product_807,Food,488.33,95,South,2025-11-16T21:04:33.209182,2.53
808,Product_808,Sports,320.57,77,South,2025-11-16T21:04:34.209182,3.5
809,Product_809,Clothing,37.89,30,Central,2025-11-16T21:04:35.209182,4.57
810,Product_810,Books,11.37,90,Central,2025-11-16T21:04:36.209182,1.31
811,Product_811,Clothing,581.31,40,North,2025-11-16T21:04:37.209182,1.02
812,Product_812,Toys,287.15,57,Central,2025-11-16T21:04:38.209182,1.6
813,Product_813,Clothing,697.26,20,Central,2025-11-16T21:04:39.209182,2.66
814,Product_814,Sports,71.42,14,North,2025-11-16T21:04:40.209182,3.45
815,Product_815,Books,997.69,77,West,2025-11-16T21:04:41.209182,4.71
816,Product_816,Electronics,189.9,51,North,2025-11-16T21:04:42.209182,4.18
817,Product_817,Sports,319.47,56,North,2025-11-16T21:04:43.209182,1.94
818,Product_818,Electronics,944.75,93,East,2025-11-16T21:04:44.209182,1.05
819,Product_819,Electronics,516.92,43,East,2025-11-16T21:04:45.209182,3.02
820,Product_820,Food,870.04,81,West,2025-11-16T21:04:46.209182,3.43
821,Product_821,Sports,993.45,31,East,2025-11-16T21:04:47.209182,2.02
822,Product_822,Clothing,886.51,22,South,2025-11-16T21:04:48.209182,3.34
823,Product_823,Books,74.96,85,South,2025-11-16T21:04:49.209182,3.4
824,Product_824,Electronics,380.25,40,West,2025-11-16T21:04:50.209182,2.05
825,Product_825,Sports,62.54,23,West,2025-11-16T21:04:51.209182,1.04
826,Product_826,Clothing,392.08,42,West,2025-11-16T21:04:52.209182,1.47
827,Product_827,Books,845.36,69,South,2025-11-16T21:04:53.209182,1.54
828,Product_828,Electronics,36.96,1,West,2025-11-16T21:04:54.209182,3.74
829,Product_829,Books,87.29,67,South,2025-11-16T21:04:55.209182,2.94
830,Product_830,Sports,939.2,7,North,2025-11-16T21:04:56.209182,1.03
831,Product_831,Books,153.38,66,East,2025-11-16T21:04:57.209182,3.18
832,Product_832,Sports,362.7,90,West,2025-11-16T21:04:58.209182,4.27
833,Product_833,Clothing,18.22,9,South,2025-11-16T21:04:59.209182,3.45
834,Product_834,Clothing,380.11,50,East,2025-11-16T21:05:00.209182,4.95
835,Product_835,Clothing,476.0,8,South,2025-11-16T21:05:01.209182,3.48
836,Product_836,Food,212.45,59,East,2025-11-16T21:05:02.209182,3.73
837,Product_837,Sports,799.17,68,West,2025-11-16T21:05:03.209182,1.5
838,Product_838,Electronics,731.47,52,North,2025-11-16T21:05:04.209182,1.1
839,Product_839,Food,26.63,27,North,2025-11-16T21:05:05.209182,4.41
840,Product_840,Food,386.55,20,West,2025-11-16T21:05:06.209182,3.78
841,Product_841,Books,654.38,28,East,2025-11-16T21:05:07.209182,4.17
842,Product_842,Sports,780.87,60,Central,2025-11-16T21:05:08.209182,2.58
843,Product_843,Clothing,111.86,85,West,2025-11-16T21:05:09.209182,4.72
844,Product_844,Toys,534.98,26,North,2025-11-16T21:05:10.209182,3.86
845,Product_845,Electronics,997.45,62,East,2025-11-16T21:05:11.209182,2.64
846,Product_846,Sports,124.32,83,West,2025-11-16T21:05:12.209182,4.65
847,Product_847,Clothing,563.11,83,South,2025-11-16T21:05:13.209182,2.75
848,Product_848,Food,371.02,100,West,2025-11-16T21:05:14.209182,1.74
849,Product_849,Electronics,27.22,89,Central,2025-11-16T21:05:15.209182,1.67
850,Product_850,Clothing,715.26,18,Central,2025-11-16T21:05:16.209182,3.72
851,Product_851,Books,468.86,42,South,2025-11-16T21:05:17.209182,1.02
852,Product_852,Clothing,822.19,76,Central,2025-11-16T21:05:18.209182,4.76
853,Product_853,Books,261.05,49,North,2025-11-16T21:05:19.209182,2.52
854,Product_854,Sports,880.83,39,South,2025-11-16T21:05:20.209182,4.01
855,Product_855,Toys,279.99,91,North,2025-11-16T21:05:21.209182,3.4
856,Product_856,Books,956.52,77,East,2025-11-16T21:05:22.209182,4.14
857,Product_857,Books,706.43,99,East,2025-11-16T21:05:23.209182,1.77
858,Product_858,Toys,130.47,83,North,2025-11-16T21:05:24.209182,2.39
859,Product_859,Books,399.13,62,West,2025-11-16T21:05:25.209182,4.59
860,Product_860,Electronics,857.07,50,North,2025-11-16T21:05:26.209182,2.68
861,Product_861,Sports,314.6,11,West,2025-11-16T21:05:27.209182,4.07
862,Product_862,Food,957.64,49,North,2025-11-16T21:05:28.209182,2.84
863,Product_863,Books,352.91,11,Central,2025-11-16T21:05:29.209182,1.85
864,Product_864,Food,52.94,5,East,2025-11-16T21:05:30.209182,4.6
865,Product_865,Electronics,130.81,60,Central,2025-11-16T21:05:31.209182,3.15
866,Product_866,Clothing,556.17,38,Central,2025-11-16T21:05:32.209182,3.67
867,Product_867,Food,807.62,37,Central,2025-11-16T21:05:33.209182,2.71
868,Product_868,Food,60.93,59,South,2025-11-16T21:05:34.209182,1.85
869,Product_869,Clothing,269.44,17,East,2025-11-16T21:05:35.209182,1.26
870,Product_870,Electronics,759.31,36,North,2025-11-16T21:05:36.209182,3.11
871,Product_871,Toys,53.45,28,West,2025-11-16T21:05:37.209182,4.97
872,Product_872,Books,436.86,2,North,2025-11-16T21:05:38.209182,3.75
873,Product_873,Food,524.8,61,North,2025-11-16T21:05:39.209182,4.71
874,Product_874,Sports,216.24,39,Central,2025-11-16T21:05:40.209182,4.77
875,Product_875,Food,701.04,99,West,2025-11-16T21:05:41.209182,1.4
876,Product_876,Electronics,983.63,47,Central,2025-11-16T21:05:42.209182,2.38
877,Product_877,Toys,462.83,23,North,2025-11-16T21:05:43.209182,2.88
878,Product_878,Sports,744.75,27,North,2025-11-16T21:05:44.209182,4.44
879,Product_879,Sports,784.35,54,Central,2025-11-16T21:05:45.209182,2.23
880,Product_880,Electronics,336.57,5,Central,2025-11-16T21:05:46.209182,2.07
881,Product_881,Toys,307.99,69,West,2025-11-16T21:05:47.209182,2.76
882,Product_882,Sports,102.03,85,South,2025-11-16T21:05:48.209182,4.97
883,Product_883,Sports,160.07,12,South,2025-11-16T21:05:49.209182,2.16
884,Product_884,Clothing,327.55,32,West,2025-11-16T21:05:50.209182,1.1
885,Product_885,Sports,469.65,30,North,2025-11-16T21:05:51.209182,4.87
886,Product_886,Electronics,442.03,57,East,2025-11-16T21:05:52.209182,1.37
887,Product_887,Toys,78.58,26,Central,2025-11-16T21:05:53.209182,2.3
888,Product_888,Toys,771.01,77,East,2025-11-16T21:05:54.209182,1.62
889,Product_889,Toys,714.19,26,South,2025-11-16T21:05:55.209182,4.67
890,Product_890,Sports,527.97,72,South,2025-11-16T21:05:56.209182,2.96
891,Product_891,Electronics,809.22,61,North,2025-11-16T21:05:57.209182,4.74
892,Product_892,Clothing,224.53,33,South,2025-11-16T21:05:58.209182,4.02
893,Product_893,Toys,459.37,13,East,2025-11-16T21:05:59.209182,1.43
894,Product_894,Electronics,560.0,42,Central,2025-11-16T21:06:00.209182,3.16
895,Product_895,Sports,235.72,73,South,2025-11-16T21:06:01.209182,3.5
896,Product_896,Toys,675.32,73,South,2025-11-16T21:06:02.209182,4.87
897,Product_897,Books,627.47,29,West,2025-11-16T21:06:03.209182,3.87
898,Product_898,Books,205.41,51,North,2025-11-16T21:06:04.209182,1.6
899,Product_899,Clothing,292.8,80,South,2025-11-16T21:06:05.209182,3.31
900,Product_900,Books,28.31,18,East,2025-11-16T21:06:06.209182,1.97
901,Product_901,Clothing,579.09,18,East,2025-11-16T21:06:07.209182,1.98
902,Product_902,Clothing,143.82,13,West,2025-11-16T21:06:08.209182,4.07
903,Product_903,Electronics,615.61,46,Central,2025-11-16T21:06:09.209182,4.06
904,Product_904,Clothing,792.42,30,Central,2025-11-16T21:06:10.209182,1.6
905,Product_905,Toys,658.82,75,South,2025-11-16T21:06:11.209182,4.47
906,Product_906,Books,286.86,66,North,2025-11-16T21:06:12.209182,1.55
907,Product_907,Toys,678.58,72,West,2025-11-16T21:06:13.209182,4.18
908,Product_908,Books,884.84,76,East,2025-11-16T21:06:14.209182,2.41
909,Product_909,Toys,954.03,65,South,2025-11-16T21:06:15.209182,2.69
910,Product_910,Sports,414.38,38,East,2025-11-16T21:06:16.209182,3.82
911,Product_911,Clothing,255.39,77,South,2025-11-16T21:06:17.209182,4.67
912,Product_912,Electronics,155.51,84,East,2025-11-16T21:06:18.209182,1.42
913,Product_913,Electronics,58.97,2,West,2025-11-16T21:06:19.209182,2.47
914,Product_914,Clothing,24.85,67,West,2025-11-16T21:06:20.209182,3.17
915,Product_915,Clothing,663.49,95,West,2025-11-16T21:06:21.209182,3.05
916,Product_916,Food,508.76,41,South,2025-11-16T21:06:22.209182,2.45
917,Product_917,Clothing,225.55,79,West,2025-11-16T21:06:23.209182,4.8
918,Product_918,Books,10.16,35,West,2025-11-16T21:06:24.209182,3.31
919,Product_919,Books,612.41,95,East,2025-11-16T21:06:25.209182,1.52
920,Product_920,Clothing,159.77,11,North,2025-11-16T21:06:26.209182,1.61
921,Product_921,Electronics,432.07,74,West,2025-11-16T21:06:27.209182,3.5
922,Product_922,Sports,794.02,30,North,2025-11-16T21:06:28.209182,2.22
923,Product_923,Food,950.74,56,North,2025-11-16T21:06:29.209182,3.16
924,Product_924,Books,181.36,28,West,2025-11-16T21:06:30.209182,4.8
925,Product_925,Sports,124.83,73,Central,2025-11-16T21:06:31.209182,1.01
926,Product_926,Food,435.38,73,Central,2025-11-16T21:06:32.209182,2.81
927,Product_927,Sports,93.36,40,North,2025-11-16T21:06:33.209182,1.37
928,Product_928,Food,918.92,15,Central,2025-11-16T21:06:34.209182,3.81
929,Product_929,Books,279.23,42,Central,2025-11-16T21:06:35.209182,4.0
930,Product_930,Clothing,340.03,65,North,2025-11-16T21:06:36.209182,3.62
931,Product_931,Food,404.89,78,East,2025-11-16T21:06:37.209182,2.54
932,Product_932,Electronics,108.34,9,East,2025-11-16T21:06:38.209182,4.22
933,Product_933,Electronics,769.46,40,South,2025-11-16T21:06:39.209182,4.77
934,Product_934,Sports,980.74,64,West,2025-11-16T21:06:40.209182,4.86
935,Product_935,Electronics,817.9,17,East,2025-11-16T21:06:41.209182,2.08
936,Product_936,Food,607.01,68,North,2025-11-16T21:06:42.209182,2.78
937,Product_937,Clothing,521.47,34,West,2025-11-16T21:06:43.209182,2.24
938,Product_938,Electronics,552.24,37,West,2025-11-16T21:06:44.209182,3.66
939,Product_939,Books,999.66,56,West,2025-11-16T21:06:45.209182,4.59
940,Product_940,Food,481.17,50,West,2025-11-16T21:06:46.209182,4.11
941,Product_941,Clothing,780.14,27,South,2025-11-16T21:06:47.209182,3.45
942,Product_942,Books,663.62,88,North,2025-11-16T21:06:48.209182,4.06
943,Product_943,Toys,774.56,6,South,2025-11-16T21:06:49.209182,3.05
944,Product_944,Electronics,856.3,80,East,2025-11-16T21:06:50.209182,2.48
945,Product_945,Clothing,154.33,76,North,2025-11-16T21:06:51.209182,3.78
946,Product_946,Books,996.57,46,Central,2025-11-16T21:06:52.209182,4.37
947,Product_947,Sports,435.74,32,North,2025-11-16T21:06:53.209182,3.11
948,Product_948,Toys,766.44,70,North,2025-11-16T21:06:54.209182,2.48
949,Product_949,Sports,688.0,20,South,2025-11-16T21:06:55.209182,1.79
950,Product_950,Food,355.92,16,East,2025-11-16T21:06:56.209182,1.91
951,Product_951,Electronics,989.44,35,Central,2025-11-16T21:06:57.209182,1.06
952,Product_952,Books,196.6,74,Central,2025-11-16T21:06:58.209182,3.54
953,Product_953,Food,468.78,15,Central,2025-11-16T21:06:59.209182,2.28
954,Product_954,Books,104.68,31,Central,2025-11-16T21:07:00.209182,1.45
955,Product_955,Toys,923.4,76,South,2025-11-16T21:07:01.209182,4.92
956,Product_956,Sports,992.02,33,North,2025-11-16T21:07:02.209182,3.49
957,Product_957,Clothing,426.18,94,Central,2025-11-16T21:07:03.209182,4.69
958,Product_958,Electronics,530.21,17,North,2025-11-16T21:07:04.209182,3.71
959,Product_959,Food,66.26,36,West,2025-11-16T21:07:05.209182,1.74
960,Product_960,Electronics,951.59,27,North,2025-11-16T21:07:06.209182,1.89
961,Product_961,Books,421.17,41,East,2025-11-16T21:07:07.209182,2.78
962,Product_962,Books,119.89,79,East,2025-11-16T21:07:08.209182,2.93
963,Product_963,Electronics,517.95,77,West,2025-11-16T21:07:09.209182,4.16
964,Product_964,Toys,958.82,67,South,2025-11-16T21:07:10.209182,1.57
965,Product_965,Electronics,617.03,48,West,2025-11-16T21:07:11.209182,2.09
966,Product_966,Sports,765.99,54,Central,2025-11-16T21:07:12.209182,1.7
967,Product_967,Clothing,930.69,74,Central,2025-11-16T21:07:13.209182,3.23
968,Product_968,Food,774.96,45,Central,2025-11-16T21:07:14.209182,4.21
969,Product_969,Toys,732.59,96,South,2025-11-16T21:07:15.209182,1.06
970,Product_970,Books,699.98,23,East,2025-11-16T21:07:16.209182,3.58
971,Product_971,Sports,700.45,77,South,2025-11-16T21:07:17.209182,1.09
972,Product_972,Sports,176.49,39,West,2025-11-16T21:07:18.209182,3.67
973,Product_973,Books,970.3,34,East,2025-11-16T21:07:19.209182,4.07
974,Product_974,Food,338.17,35,West,2025-11-16T21:07:20.209182,2.48
975,Product_975,Electronics,966.67,79,West,2025-11-16T21:07:21.209182,4.23
976,Product_976,Electronics,797.66,65,North,2025-11-16T21:07:22.209182,1.67
977,Product_977,Books,125.09,25,Central,2025-11-16T21:07:23.209182,3.97
978,Product_978,Electronics,738.83,35,Central,2025-11-16T21:07:24.209182,1.22
979,Product_979,Food,272.99,75,Central,2025-11-16T21:07:25.209182,4.02
980,Product_980,Toys,920.52,26,West,2025-11-16T21:07:26.209182,2.83
981,Product_981,Electronics,222.92,82,South,2025-11-16T21:07:27.209182,1.54
982,Product_982,Electronics,496.81,88,South,2025-11-16T21:07:28.209182,4.33
983,Product_983,Clothing,520.64,37,Central,2025-11-16T21:07:29.209182,2.82
984,Product_984,Electronics,565.61,2,West,2025-11-16T21:07:30.209182,3.64
985,Product_985,Electronics,831.32,26,West,2025-11-16T21:07:31.209182,4.7
986,Product_986,Electronics,58.24,65,West,2025-11-16T21:07:32.209182,2.3
987,Product_987,Sports,546.49,99,South,2025-11-16T21:07:33.209182,3.76
988,Product_988,Toys,897.51,69,North,2025-11-16T21:07:34.209182,4.82
989,Product_989,Clothing,616.87,63,South,2025-11-16T21:07:35.209182,4.81
990,Product_990,Clothing,288.43,48,North,2025-11-16T21:07:36.209182,3.96
991,Product_991,Books,294.15,20,West,2025-11-16T21:07:37.209182,4.67
992,Product_992,Sports,174.35,62,North,2025-11-16T21:07:38.209182,4.75
993,Product_993,Clothing,643.56,27,East,2025-11-16T21:07:39.209182,2.49
994,Product_994,Sports,172.79,33,West,2025-11-16T21:07:40.209182,2.08
995,Product_995,Sports,194.75,88,West,2025-11-16T21:07:41.209182,3.16
996,Product_996,Sports,805.96,55,South,2025-11-16T21:07:42.209182,3.7
997,Product_997,Electronics,391.5,32,East,2025-11-16T21:07:43.209182,1.1
998,Product_998,Food,253.52,3,South,2025-11-16T21:07:44.209182,3.55
999,Product_999,Sports,624.67,6,East,2025-11-16T21:07:45.209182,3.07
