customer_id,transaction_id,transaction_date,transaction_amount,payment_mode,transaction_amount_orig,amount_category,transaction_date_parsed,transaction_month,customer_name,city,status,city_original
c104,t0001,2025-01-22,2291.0,wallet,2291,Low,2025-01-22,1,Customer_104,Mumbai,active,MUMBAI
c137,t0002,2025-01-04,9897.0,wallet,9897,High,2025-01-04,1,Customer_137,Hyderabad,active,Hyderabad
c007,t0003,2025-01-11,7222.0,card,7222,Medium,2025-01-11,1,Customer_007,Kochi,active,Kochi
c119,t0004,2025-01-24,4462.0,netbanking,4462,Medium,2025-01-24,1,Customer_119,Coimbatore,inactive,Coimbatore
c084,t0005,2025-01-28,5555.0,upi,5555,Medium,2025-01-28,1,Customer_084,Trivandrum,active,Trivandrum
c098,t0006,2025-02-05,4333.0,cash,4333,Medium,2025-02-05,2,Customer_098,Coimbatore,active,Coimbatore
c121,t0007,2025-01-03,1053.0,upi,1053,Low,2025-01-03,1,Customer_121,Hyderabad,active,Hyderabad
c058,t0008,2025-03-25,859.0,cash,859,Low,2025-03-25,3,Customer_058,Trivandrum,active,trivandrm
c064,t0009,2025-01-26,2696.0,card,2696,Medium,2025-01-26,1,Customer_064,Coimbatore,active,Coimbatore
c033,t0010,2025-03-02,9440.0,card,9440,High,2025-03-02,3,Customer_033,Kochi,active,Kochi
c120,t0011,2025-03-31,6243.0,card,6243,Medium,2025-03-31,3,Customer_120,Hyderabad,active,Hyderabad
c030,t0012,2025-01-21,1971.0,wallet,1971,Low,2025-01-21,1,Customer_030,Chennai,active,Chennai
c007,t0013,2025-02-09,6349.0,netbanking,6349,Medium,2025-02-09,2,Customer_007,Kochi,active,Kochi
c051,t0014,2025-01-10,4178.0,cash,4178,Medium,2025-01-10,1,Customer_051,Trivandrum,active,Trivandrum
c078,t0015,2025-03-29,2183.0,wallet,2183,Low,2025-03-29,3,Customer_078,Trivandrum,inactive,Trivandrum
c011,t0016,2025-02-14,7218.0,upi,7218,Medium,2025-02-14,2,Customer_011,Mumbai,inactive,Mumbai
c018,t0017,2025-03-06,5790.0,cash,5790,Medium,2025-03-06,3,Customer_018,Hyderabad,active,Hyderabad
c108,t0018,2025-03-04,7302.0,upi,7302,Medium,2025-03-04,3,Customer_108,Pune,active,Pune
c118,t0019,2025-01-20,3085.0,wallet,3085,Medium,2025-01-20,1,Customer_118,Hyderabad,active,Hyderabad
c070,t0020,2025-03-20,8121.0,netbanking,8121,High,2025-03-20,3,Customer_070,Chennai,active,Chennai
c112,t0021,2025-03-17,5480.0,card,5480,Medium,2025-03-17,3,Customer_112,Coimbatore,active,Coimbatore
c023,t0022,2025-02-05,4195.0,netbanking,4195,Medium,2025-02-05,2,Customer_023,Coimbatore,active,Coimbatore
c146,t0023,2025-03-20,5711.0,cash,5711,Medium,2025-03-20,3,Customer_146,Coimbatore,inactive,Coimbatore
c127,t0024,2025-02-11,8188.0,card,8188,High,2025-02-11,2,Customer_127,Kochi,active,koChi
c091,t0025,2025-02-03,4781.0,wallet,4781,Medium,2025-02-03,2,Customer_091,Hyderabad,active,HYDERABAD
c071,t0026,2025-03-13,8664.0,card,8664,High,2025-03-13,3,Customer_071,Chennai,active,chennai
c022,t0027,2025-01-31,8204.0,wallet,8204,High,2025-01-31,1,Customer_022,Kochi,active,kochi
c062,t0028,2025-03-30,8241.0,netbanking,8241,High,2025-03-30,3,Customer_062,Trivandrum,active,Trivandrum
c005,t0029,2025-01-12,3830.0,netbanking,3830,Medium,2025-01-12,1,Customer_005,Bengaluru,active,Bengaluru
c063,t0030,2025-02-09,6246.0,netbanking,6246,Medium,2025-02-09,2,Customer_063,Chennai,active,Chennai
c142,t0031,2025-03-09,7171.0,wallet,7171,Medium,2025-03-09,3,Customer_142,Chennai,active,Chennai
c085,t0032,2025-02-15,4638.0,upi,4638,Medium,2025-02-15,2,Customer_085,Trivandrum,active,Trivandrum
c065,t0033,2025-01-30,3355.0,upi,3355,Medium,2025-01-30,1,Customer_065,Kochi,active,Kochi
c031,t0034,2025-03-10,3338.0,card,3338,Medium,2025-03-10,3,Customer_031,Trivandrum,active,Trivandrum
c124,t0035,2025-02-05,8795.0,wallet,8795,High,2025-02-05,2,Customer_124,Chennai,active,Chennai
c073,t0036,2025-01-13,5053.0,card,5053,Medium,2025-01-13,1,Customer_073,Bengaluru,active,Bengaluru
c093,t0037,2025-01-23,431.0,wallet,431,Low,2025-01-23,1,Customer_093,Chennai,active,Chennai
c033,t0038,2025-02-05,1093.0,wallet,1093,Low,2025-02-05,2,Customer_033,Kochi,active,Kochi
c075,t0039,2025-03-31,8242.0,cash,8242,High,2025-03-31,3,Customer_075,Pune,active,Pune
c004,t0040,2025-03-15,7890.0,netbanking,7890,High,2025-03-15,3,Customer_004,Trivandrum,active,Trivandrum
c113,t0041,2025-02-13,1041.0,upi,1041,Low,2025-02-13,2,Customer_113,Kochi,active,Kochi
c123,t0042,2025-01-15,6765.0,netbanking,6765,Medium,2025-01-15,1,Customer_123,Bengaluru,active,Bengaluru
c019,t0043,2025-03-15,1078.0,card,1078,Low,2025-03-15,3,Customer_019,Trivandrum,active,Trivandrum
c039,t0044,2025-03-14,1595.0,card,1595,Low,2025-03-14,3,Customer_039,Kochi,active,Kochi
c031,t0045,2025-03-13,9966.0,wallet,9966,High,2025-03-13,3,Customer_031,Trivandrum,active,Trivandrum
c058,t0046,2025-03-08,7581.0,netbanking,7581,High,2025-03-08,3,Customer_058,Trivandrum,active,trivandrm
c077,t0047,2025-03-17,5203.0,wallet,5203,Medium,2025-03-17,3,Customer_077,Hyderabad,inactive,Hyderabad
c016,t0048,2025-03-20,3604.0,card,3604,Medium,2025-03-20,3,Customer_016,Coimbatore,active,Coimbatore
c068,t0049,2025-03-26,2773.0,card,2773,Medium,2025-03-26,3,Customer_068,Kochi,active,Kochi
c045,t0050,2025-03-12,2764.0,cash,2764,Medium,2025-03-12,3,Customer_045,Coimbatore,inactive,Coimbatore
c105,t0051,2025-02-27,7899.0,upi,7899,High,2025-02-27,2,Customer_105,Bengaluru,active,bengaluru
c009,t0052,2025-01-30,4832.0,netbanking,4832,Medium,2025-01-30,1,Customer_009,Pune,active,PUNE
c019,t0053,2025-03-29,4534.0,wallet,4534,Medium,2025-03-29,3,Customer_019,Trivandrum,active,Trivandrum
c051,t0054,2025-02-24,9122.0,card,9122,High,2025-02-24,2,Customer_051,Trivandrum,active,Trivandrum
c039,t0055,2025-02-04,1369.0,cash,1369,Low,2025-02-04,2,Customer_039,Kochi,active,Kochi
c043,t0056,2025-02-09,9525.0,upi,9525,High,2025-02-09,2,Customer_043,Chennai,inactive,CHENNAI
c113,t0057,2025-01-16,5182.0,netbanking,5182,Medium,2025-01-16,1,Customer_113,Kochi,active,Kochi
c070,t0058,2025-03-06,8290.0,netbanking,8290,High,2025-03-06,3,Customer_070,Chennai,active,Chennai
c021,t0059,2025-03-18,7278.0,upi,7278,Medium,2025-03-18,3,Customer_021,Bengaluru,active,Bengaluru
c065,t0060,2025-01-04,3950.0,wallet,3950,Medium,2025-01-04,1,Customer_065,Kochi,active,Kochi
c001,t0061,2025-01-03,9641.0,cash,9641,High,2025-01-03,1,Customer_001,Trivandrum,active,TRIVANDRUM
c045,t0062,2025-03-02,7445.0,upi,7445,Medium,2025-03-02,3,Customer_045,Coimbatore,inactive,Coimbatore
c047,t0063,2025-03-16,8256.0,cash,8256,High,2025-03-16,3,Customer_047,Pune,active,Pune
c121,t0064,2025-02-14,5660.0,upi,5660,Medium,2025-02-14,2,Customer_121,Hyderabad,active,Hyderabad
c027,t0065,2025-01-21,6944.0,netbanking,6944,Medium,2025-01-21,1,Customer_027,Coimbatore,inactive,Coimbatore
c074,t0066,2025-03-26,9212.0,cash,9212,High,2025-03-26,3,Customer_074,Trivandrum,active,Trivandrum
c117,t0067,2025-01-12,4335.0,upi,4335,Medium,2025-01-12,1,Customer_117,Hyderabad,active,Hyderabad
c030,t0068,2025-02-21,218.0,wallet,218,Low,2025-02-21,2,Customer_030,Chennai,active,Chennai
c119,t0069,2025-02-22,3273.0,wallet,3273,Medium,2025-02-22,2,Customer_119,Coimbatore,inactive,Coimbatore
c093,t0070,2025-03-21,7442.0,cash,7442,Medium,2025-03-21,3,Customer_093,Chennai,active,Chennai
c053,t0071,2025-02-04,2346.0,upi,2346,Low,2025-02-04,2,Customer_053,Mumbai,active,MUMBAI
c113,t0072,2025-03-31,2189.0,cash,2189,Low,2025-03-31,3,Customer_113,Kochi,active,Kochi
c062,t0073,2025-01-21,9224.0,cash,9224,High,2025-01-21,1,Customer_062,Trivandrum,active,Trivandrum
c142,t0074,2025-02-22,3881.0,cash,3881,Medium,2025-02-22,2,Customer_142,Chennai,active,Chennai
c119,t0075,2025-01-16,2722.0,netbanking,2722,Medium,2025-01-16,1,Customer_119,Coimbatore,inactive,Coimbatore
c075,t0076,2025-03-07,7007.0,netbanking,7007,Medium,2025-03-07,3,Customer_075,Pune,active,Pune
c121,t0077,2025-02-01,9231.0,card,9231,High,2025-02-01,2,Customer_121,Hyderabad,active,Hyderabad
c099,t0078,2025-01-25,8527.0,card,8527,High,2025-01-25,1,Customer_099,Bengaluru,inactive,Bengaluru
c018,t0079,2025-02-05,5768.0,wallet,5768,Medium,2025-02-05,2,Customer_018,Hyderabad,active,Hyderabad
c069,t0080,2025-01-01,5091.0,wallet,5091,Medium,2025-01-01,1,Customer_069,Pune,active,Poona
c149,t0081,2025-03-26,2634.0,netbanking,2634,Medium,2025-03-26,3,Customer_149,Bengaluru,active,Bengaluru
c138,t0082,2025-03-03,5646.0,wallet,5646,Medium,2025-03-03,3,Customer_138,Hyderabad,active,Hyderabad
c140,t0083,2025-02-18,5472.0,card,5472,Medium,2025-02-18,2,Customer_140,Hyderabad,active,HYDERABAD
c062,t0084,2025-03-15,4026.0,netbanking,4026,Medium,2025-03-15,3,Customer_062,Trivandrum,active,Trivandrum
c012,t0085,2025-02-10,6446.0,netbanking,6446,Medium,2025-02-10,2,Customer_012,Coimbatore,active,COIMBATORE
c039,t0086,2025-03-05,2268.0,wallet,2268,Low,2025-03-05,3,Customer_039,Kochi,active,Kochi
c002,t0087,2025-02-12,7413.0,cash,7413,Medium,2025-02-12,2,Customer_002,Chennai,active,Chennai
c135,t0088,2025-02-28,2561.0,netbanking,2561,Medium,2025-02-28,2,Customer_135,Coimbatore,active,Coimbatore
c040,t0089,2025-01-10,4542.0,upi,4542,Medium,2025-01-10,1,Customer_040,Trivandrum,inactive,Trivandrum
c102,t0090,2025-03-25,5583.0,wallet,5583,Medium,2025-03-25,3,Customer_102,Bengaluru,active,Bengaluru
c098,t0091,2025-02-10,8194.0,wallet,8194,High,2025-02-10,2,Customer_098,Coimbatore,active,Coimbatore
c010,t0092,2025-03-21,4046.0,upi,4046,Medium,2025-03-21,3,Customer_010,Pune,active,Pune
c059,t0093,2025-01-12,1812.0,cash,1812,Low,2025-01-12,1,Customer_059,Chennai,active,Chennai
c114,t0094,2025-01-22,674.0,cash,674,Low,2025-01-22,1,Customer_114,Bengaluru,active,Bengaluru
c084,t0095,2025-01-08,6073.0,upi,6073,Medium,2025-01-08,1,Customer_084,Trivandrum,active,Trivandrum
c111,t0096,2025-01-19,8902.0,netbanking,8902,High,2025-01-19,1,Customer_111,Coimbatore,active,Coimbatore
c145,t0097,2025-03-29,2985.0,card,2985,Medium,2025-03-29,3,Customer_145,Kochi,active,Kochi
c021,t0098,2025-03-20,4145.0,netbanking,4145,Medium,2025-03-20,3,Customer_021,Bengaluru,active,Bengaluru
c150,t0099,2025-01-19,7755.0,upi,7755,High,2025-01-19,1,Customer_150,Mumbai,active,MUMBAI
c118,t0100,2025-02-02,7822.0,upi,7822,High,2025-02-02,2,Customer_118,Hyderabad,active,Hyderabad
c140,t0101,2025-01-21,7437.0,upi,7437,Medium,2025-01-21,1,Customer_140,Hyderabad,active,HYDERABAD
c001,t0102,2025-02-08,7151.0,upi,7151,Medium,2025-02-08,2,Customer_001,Trivandrum,active,TRIVANDRUM
c117,t0103,2025-02-08,6502.0,netbanking,6502,Medium,2025-02-08,2,Customer_117,Hyderabad,active,Hyderabad
c028,t0104,2025-01-31,9570.0,upi,9570,High,2025-01-31,1,Customer_028,Chennai,active,Chennai
c148,t0105,2025-02-07,559.0,netbanking,559,Low,2025-02-07,2,Customer_148,Coimbatore,active,Coimbatore
c071,t0106,2025-01-02,1003.0,wallet,1003,Low,2025-01-02,1,Customer_071,Chennai,active,chennai
c128,t0107,2025-02-06,5972.0,card,5972,Medium,2025-02-06,2,Customer_128,Trivandrum,inactive,Trivandrum
c049,t0108,2025-03-21,2440.0,cash,2440,Low,2025-03-21,3,Customer_049,Bengaluru,active,Bengaluru
c011,t0109,2025-02-09,746.0,wallet,746,Low,2025-02-09,2,Customer_011,Mumbai,inactive,Mumbai
c094,t0110,2025-01-17,5035.0,upi,5035,Medium,2025-01-17,1,Customer_094,Chennai,active,Chennai
c107,t0111,2025-01-23,2365.0,wallet,2365,Low,2025-01-23,1,Customer_107,Hyderabad,active,Hyderabad
c094,t0112,2025-03-09,4665.0,card,4665,Medium,2025-03-09,3,Customer_094,Chennai,active,Chennai
c066,t0113,2025-03-03,5749.0,cash,5749,Medium,2025-03-03,3,Customer_066,Mumbai,active,Mumbai
c120,t0114,2025-01-10,3896.0,netbanking,3896,Medium,2025-01-10,1,Customer_120,Hyderabad,active,Hyderabad
c143,t0115,2025-02-16,6664.0,cash,6664,Medium,2025-02-16,2,Customer_143,Coimbatore,active,Coimbatore
c068,t0116,2025-03-10,7651.0,upi,7651,High,2025-03-10,3,Customer_068,Kochi,active,Kochi
c068,t0117,2025-03-16,6286.0,cash,6286,Medium,2025-03-16,3,Customer_068,Kochi,active,Kochi
c060,t0118,2025-03-02,9398.0,upi,9398,High,2025-03-02,3,Customer_060,Bengaluru,active,Bengaluru
c057,t0119,2025-03-24,7806.0,upi,7806,High,2025-03-24,3,Customer_057,Trivandrum,active,Trivandrum
c105,t0120,2025-01-15,942.0,cash,942,Low,2025-01-15,1,Customer_105,Bengaluru,active,bengaluru
c078,t0121,2025-03-05,1792.0,card,1792,Low,2025-03-05,3,Customer_078,Trivandrum,inactive,Trivandrum
c138,t0122,2025-01-18,7632.0,upi,7632,High,2025-01-18,1,Customer_138,Hyderabad,active,Hyderabad
c139,t0123,2025-02-23,2731.0,netbanking,2731,Medium,2025-02-23,2,Customer_139,Bengaluru,active,Bengaluru
c026,t0124,2025-03-04,6886.0,upi,6886,Medium,2025-03-04,3,Customer_026,Hyderabad,active,Hyderabad
c009,t0125,2025-03-30,3759.0,netbanking,3759,Medium,2025-03-30,3,Customer_009,Pune,active,PUNE
c114,t0126,2025-01-31,1827.0,upi,1827,Low,2025-01-31,1,Customer_114,Bengaluru,active,Bengaluru
c140,t0127,2025-03-24,1192.0,netbanking,1192,Low,2025-03-24,3,Customer_140,Hyderabad,active,HYDERABAD
c071,t0128,2025-01-25,7650.0,cash,7650,High,2025-01-25,1,Customer_071,Chennai,active,chennai
c055,t0129,2025-03-24,9983.0,cash,9983,High,2025-03-24,3,Customer_055,Coimbatore,inactive,Coimbatore
c013,t0130,2025-02-12,2263.0,wallet,2263,Low,2025-02-12,2,Customer_013,Pune,active,Pune
c053,t0131,2025-01-09,3594.0,wallet,3594,Medium,2025-01-09,1,Customer_053,Mumbai,active,MUMBAI
c056,t0132,2025-01-30,2617.0,wallet,2617,Medium,2025-01-30,1,Customer_056,Kochi,inactive,Kochi
c001,t0133,2025-02-05,2329.0,wallet,2329,Low,2025-02-05,2,Customer_001,Trivandrum,active,TRIVANDRUM
c065,t0134,2025-01-23,622.0,card,622,Low,2025-01-23,1,Customer_065,Kochi,active,Kochi
c004,t0135,2025-02-15,9847.0,upi,9847,High,2025-02-15,2,Customer_004,Trivandrum,active,Trivandrum
c005,t0136,2025-01-23,1058.0,card,1058,Low,2025-01-23,1,Customer_005,Bengaluru,active,Bengaluru
c108,t0137,2025-03-09,1241.0,netbanking,1241,Low,2025-03-09,3,Customer_108,Pune,active,Pune
c115,t0138,2025-02-16,9926.0,cash,9926,High,2025-02-16,2,Customer_115,Pune,active,Pune
c116,t0139,2025-03-06,910.0,wallet,910,Low,2025-03-06,3,Customer_116,Trivandrum,active,Trivandrum
c078,t0140,2025-02-28,710.0,cash,710,Low,2025-02-28,2,Customer_078,Trivandrum,inactive,Trivandrum
c123,t0141,2025-02-21,1968.0,netbanking,1968,Low,2025-02-21,2,Customer_123,Bengaluru,active,Bengaluru
c114,t0142,2025-01-10,5477.0,wallet,5477,Medium,2025-01-10,1,Customer_114,Bengaluru,active,Bengaluru
c038,t0143,2025-01-09,4705.0,wallet,4705,Medium,2025-01-09,1,Customer_038,Bangalore,active,bangalore
c150,t0144,2025-03-12,6440.0,wallet,6440,Medium,2025-03-12,3,Customer_150,Mumbai,active,MUMBAI
c136,t0145,2025-02-07,8482.0,wallet,8482,High,2025-02-07,2,Customer_136,Chennai,active,Chennai
c111,t0146,2025-01-13,9233.0,card,9233,High,2025-01-13,1,Customer_111,Coimbatore,active,Coimbatore
c111,t0147,2025-02-27,6979.0,upi,6979,Medium,2025-02-27,2,Customer_111,Coimbatore,active,Coimbatore
c117,t0148,2025-02-21,1757.0,upi,1757,Low,2025-02-21,2,Customer_117,Hyderabad,active,Hyderabad
c110,t0149,2025-02-10,6332.0,card,6332,Medium,2025-02-10,2,Customer_110,Coimbatore,active,Coimbatore
c122,t0150,2025-01-09,1598.0,cash,1598,Low,2025-01-09,1,Customer_122,Pune,active,Pune
c111,t0151,2025-01-13,2331.0,wallet,2331,Low,2025-01-13,1,Customer_111,Coimbatore,active,Coimbatore
c016,t0152,2025-03-17,9402.0,upi,9402,High,2025-03-17,3,Customer_016,Coimbatore,active,Coimbatore
c032,t0153,2025-02-22,7129.0,cash,7129,Medium,2025-02-22,2,Customer_032,Mumbai,inactive,Mumbai
c074,t0154,2025-03-18,5961.0,cash,5961,Medium,2025-03-18,3,Customer_074,Trivandrum,active,Trivandrum
c148,t0155,2025-03-06,2735.0,netbanking,2735,Medium,2025-03-06,3,Customer_148,Coimbatore,active,Coimbatore
c058,t0156,2025-01-14,9313.0,upi,9313,High,2025-01-14,1,Customer_058,Trivandrum,active,trivandrm
c030,t0157,2025-02-05,3905.0,netbanking,3905,Medium,2025-02-05,2,Customer_030,Chennai,active,Chennai
c144,t0158,2025-03-21,9321.0,cash,9321,High,2025-03-21,3,Customer_144,Kochi,active,koChi
c069,t0159,2025-01-04,4677.0,upi,4677,Medium,2025-01-04,1,Customer_069,Pune,active,Poona
c087,t0160,2025-02-14,3172.0,card,3172,Medium,2025-02-14,2,Customer_087,Pune,inactive,Poona
c145,t0161,2025-03-26,1340.0,card,1340,Low,2025-03-26,3,Customer_145,Kochi,active,Kochi
c008,t0162,2025-01-12,3724.0,netbanking,3724,Medium,2025-01-12,1,Customer_008,Coimbatore,active,Coimbatore
c108,t0163,2025-02-28,2778.0,upi,2778,Medium,2025-02-28,2,Customer_108,Pune,active,Pune
c080,t0164,2025-02-11,9968.0,cash,9968,High,2025-02-11,2,Customer_080,Chennai,inactive,Chennai
c014,t0165,2025-01-20,1015.0,cash,1015,Low,2025-01-20,1,Customer_014,Kochi,active,Kochi
c070,t0166,2025-02-26,8157.0,wallet,8157,High,2025-02-26,2,Customer_070,Chennai,active,Chennai
c114,t0167,2025-02-23,3731.0,wallet,3731,Medium,2025-02-23,2,Customer_114,Bengaluru,active,Bengaluru
c030,t0168,2025-02-14,2016.0,upi,2016,Low,2025-02-14,2,Customer_030,Chennai,active,Chennai
c002,t0169,2025-03-04,5253.0,cash,5253,Medium,2025-03-04,3,Customer_002,Chennai,active,Chennai
c057,t0170,2025-02-20,1097.0,cash,1097,Low,2025-02-20,2,Customer_057,Trivandrum,active,Trivandrum
c053,t0171,2025-02-08,2448.0,upi,2448,Low,2025-02-08,2,Customer_053,Mumbai,active,MUMBAI
c075,t0172,2025-02-11,326.0,netbanking,326,Low,2025-02-11,2,Customer_075,Pune,active,Pune
c111,t0173,2025-01-23,6429.0,wallet,6429,Medium,2025-01-23,1,Customer_111,Coimbatore,active,Coimbatore
c059,t0174,2025-03-06,6002.0,cash,6002,Medium,2025-03-06,3,Customer_059,Chennai,active,Chennai
c102,t0175,2025-01-06,507.0,netbanking,507,Low,2025-01-06,1,Customer_102,Bengaluru,active,Bengaluru
c020,t0176,2025-02-10,7233.0,wallet,7233,Medium,2025-02-10,2,Customer_020,Bengaluru,active,BENGALURU
c104,t0177,2025-03-23,4943.0,cash,4943,Medium,2025-03-23,3,Customer_104,Mumbai,active,MUMBAI
c104,t0178,2025-01-03,3015.0,wallet,3015,Medium,2025-01-03,1,Customer_104,Mumbai,active,MUMBAI
c118,t0179,2025-03-30,1643.0,netbanking,1643,Low,2025-03-30,3,Customer_118,Hyderabad,active,Hyderabad
c028,t0180,2025-02-01,9848.0,netbanking,9848,High,2025-02-01,2,Customer_028,Chennai,active,Chennai
c135,t0181,2025-01-11,5283.0,upi,5283,Medium,2025-01-11,1,Customer_135,Coimbatore,active,Coimbatore
c057,t0182,2025-02-12,1451.0,wallet,1451,Low,2025-02-12,2,Customer_057,Trivandrum,active,Trivandrum
c030,t0183,2025-03-09,3376.0,upi,3376,Medium,2025-03-09,3,Customer_030,Chennai,active,Chennai
c090,t0184,2025-03-24,4071.0,cash,4071,Medium,2025-03-24,3,Customer_090,Kochi,active,KOCHI
c038,t0185,2025-02-02,3042.0,wallet,3042,Medium,2025-02-02,2,Customer_038,Bangalore,active,bangalore
c040,t0186,2025-03-25,3102.0,netbanking,3102,Medium,2025-03-25,3,Customer_040,Trivandrum,inactive,Trivandrum
c119,t0187,2025-03-14,7554.0,wallet,7554,High,2025-03-14,3,Customer_119,Coimbatore,inactive,Coimbatore
c083,t0188,2025-03-22,2673.0,netbanking,2673,Medium,2025-03-22,3,Customer_083,Kochi,active,Kochi
c018,t0189,2025-03-02,5161.0,upi,5161,Medium,2025-03-02,3,Customer_018,Hyderabad,active,Hyderabad
c002,t0190,2025-01-08,8512.0,cash,8512,High,2025-01-08,1,Customer_002,Chennai,active,Chennai
c080,t0191,2025-03-01,816.0,cash,816,Low,2025-03-01,3,Customer_080,Chennai,inactive,Chennai
c095,t0192,2025-02-06,1679.0,wallet,1679,Low,2025-02-06,2,Customer_095,Pune,active,Pune
c130,t0193,2025-02-19,9708.0,wallet,9708,High,2025-02-19,2,Customer_130,Coimbatore,active,cmbt
c011,t0194,2025-02-27,3284.0,upi,3284,Medium,2025-02-27,2,Customer_011,Mumbai,inactive,Mumbai
c122,t0195,2025-03-06,1213.0,netbanking,1213,Low,2025-03-06,3,Customer_122,Pune,active,Pune
c027,t0196,2025-02-13,8466.0,card,8466,High,2025-02-13,2,Customer_027,Coimbatore,inactive,Coimbatore
c011,t0197,2025-02-01,7399.0,wallet,7399,Medium,2025-02-01,2,Customer_011,Mumbai,inactive,Mumbai
c134,t0198,2025-03-20,6162.0,upi,6162,Medium,2025-03-20,3,Customer_134,Pune,inactive,Pune
c073,t0199,2025-02-19,5743.0,wallet,5743,Medium,2025-02-19,2,Customer_073,Bengaluru,active,Bengaluru
c014,t0200,2025-03-22,5682.0,cash,5682,Medium,2025-03-22,3,Customer_014,Kochi,active,Kochi
c085,t0201,2025-01-13,6533.0,upi,6533,Medium,2025-01-13,1,Customer_085,Trivandrum,active,Trivandrum
c065,t0202,2025-03-26,2663.0,upi,2663,Medium,2025-03-26,3,Customer_065,Kochi,active,Kochi
c021,t0203,2025-03-16,5931.0,upi,5931,Medium,2025-03-16,3,Customer_021,Bengaluru,active,Bengaluru
c101,t0204,2025-01-17,1588.0,upi,1588,Low,2025-01-17,1,Customer_101,Pune,active,Pune
c144,t0205,2025-02-18,5581.0,card,5581,Medium,2025-02-18,2,Customer_144,Kochi,active,koChi
c135,t0206,2025-01-12,7137.0,wallet,7137,Medium,2025-01-12,1,Customer_135,Coimbatore,active,Coimbatore
c093,t0207,2025-01-03,5260.0,card,5260,Medium,2025-01-03,1,Customer_093,Chennai,active,Chennai
c055,t0208,2025-02-13,3345.0,card,3345,Medium,2025-02-13,2,Customer_055,Coimbatore,inactive,Coimbatore
c036,t0209,2025-01-20,5046.0,cash,5046,Medium,2025-01-20,1,Customer_036,Hyderabad,active,Hyderabad
c130,t0210,2025-03-11,818.0,upi,818,Low,2025-03-11,3,Customer_130,Coimbatore,active,cmbt
c034,t0211,2025-03-18,2727.0,card,2727,Medium,2025-03-18,3,Customer_034,Hyderabad,active,Hyderabad
c047,t0212,2025-03-30,2912.0,netbanking,2912,Medium,2025-03-30,3,Customer_047,Pune,active,Pune
c012,t0213,2025-02-22,4091.0,netbanking,4091,Medium,2025-02-22,2,Customer_012,Coimbatore,active,COIMBATORE
c073,t0214,2025-02-27,8949.0,card,8949,High,2025-02-27,2,Customer_073,Bengaluru,active,Bengaluru
c080,t0215,2025-03-02,6226.0,wallet,6226,Medium,2025-03-02,3,Customer_080,Chennai,inactive,Chennai
c113,t0216,2025-03-01,6456.0,wallet,6456,Medium,2025-03-01,3,Customer_113,Kochi,active,Kochi
c136,t0217,2025-02-23,3471.0,wallet,3471,Medium,2025-02-23,2,Customer_136,Chennai,active,Chennai
c036,t0218,2025-02-02,8073.0,upi,8073,High,2025-02-02,2,Customer_036,Hyderabad,active,Hyderabad
c142,t0219,2025-01-14,2242.0,upi,2242,Low,2025-01-14,1,Customer_142,Chennai,active,Chennai
c022,t0220,2025-01-21,7561.0,wallet,7561,High,2025-01-21,1,Customer_022,Kochi,active,kochi
c038,t0221,2025-02-25,3837.0,netbanking,3837,Medium,2025-02-25,2,Customer_038,Bangalore,active,bangalore
c090,t0222,2025-01-04,1072.0,netbanking,1072,Low,2025-01-04,1,Customer_090,Kochi,active,KOCHI
c129,t0223,2025-02-17,6526.0,cash,6526,Medium,2025-02-17,2,Customer_129,Bengaluru,active,Bengaluru
c096,t0224,2025-01-29,5421.0,cash,5421,Medium,2025-01-29,1,Customer_096,Kochi,active,Kochi
c086,t0225,2025-01-19,827.0,upi,827,Low,2025-01-19,1,Customer_086,Chennai,active,Chennai
c121,t0226,2025-03-31,7885.0,netbanking,7885,High,2025-03-31,3,Customer_121,Hyderabad,active,Hyderabad
c002,t0227,2025-01-11,4393.0,card,4393,Medium,2025-01-11,1,Customer_002,Chennai,active,Chennai
c039,t0228,2025-03-12,8847.0,netbanking,8847,High,2025-03-12,3,Customer_039,Kochi,active,Kochi
c029,t0229,2025-02-06,5134.0,cash,5134,Medium,2025-02-06,2,Customer_029,Kochi,active,Kochi
c013,t0230,2025-01-31,7689.0,cash,7689,High,2025-01-31,1,Customer_013,Pune,active,Pune
c029,t0231,2025-03-05,8982.0,cash,8982,High,2025-03-05,3,Customer_029,Kochi,active,Kochi
c132,t0232,2025-03-15,2552.0,upi,2552,Medium,2025-03-15,3,Customer_132,Mumbai,inactive,mumbai
c110,t0233,2025-01-01,5980.0,card,5980,Medium,2025-01-01,1,Customer_110,Coimbatore,active,Coimbatore
c147,t0234,2025-02-23,1602.0,wallet,1602,Low,2025-02-23,2,Customer_147,Hyderabad,inactive,Hyderabad
c093,t0235,2025-01-09,9114.0,wallet,9114,High,2025-01-09,1,Customer_093,Chennai,active,Chennai
c130,t0236,2025-03-12,6597.0,netbanking,6597,Medium,2025-03-12,3,Customer_130,Coimbatore,active,cmbt
c012,t0237,2025-03-23,6316.0,upi,6316,Medium,2025-03-23,3,Customer_012,Coimbatore,active,COIMBATORE
c005,t0238,2025-02-15,5849.0,card,5849,Medium,2025-02-15,2,Customer_005,Bengaluru,active,Bengaluru
c027,t0239,2025-03-16,2385.0,cash,2385,Low,2025-03-16,3,Customer_027,Coimbatore,inactive,Coimbatore
c091,t0240,2025-03-11,3068.0,netbanking,3068,Medium,2025-03-11,3,Customer_091,Hyderabad,active,HYDERABAD
c123,t0241,2025-03-22,2409.0,cash,2409,Low,2025-03-22,3,Customer_123,Bengaluru,active,Bengaluru
c118,t0242,2025-01-05,3502.0,cash,3502,Medium,2025-01-05,1,Customer_118,Hyderabad,active,Hyderabad
c052,t0243,2025-01-06,5280.0,wallet,5280,Medium,2025-01-06,1,Customer_052,Mumbai,active,mumbai
c102,t0244,2025-03-11,4350.0,cash,4350,Medium,2025-03-11,3,Customer_102,Bengaluru,active,Bengaluru
c049,t0245,2025-02-06,983.0,upi,983,Low,2025-02-06,2,Customer_049,Bengaluru,active,Bengaluru
c070,t0246,2025-01-16,7359.0,netbanking,7359,Medium,2025-01-16,1,Customer_070,Chennai,active,Chennai
c113,t0247,2025-02-19,3260.0,netbanking,3260,Medium,2025-02-19,2,Customer_113,Kochi,active,Kochi
c128,t0248,2025-02-17,4569.0,cash,4569,Medium,2025-02-17,2,Customer_128,Trivandrum,inactive,Trivandrum
c109,t0249,2025-01-11,3156.0,wallet,3156,Medium,2025-01-11,1,Customer_109,Hyderabad,active,HYDERABAD
c076,t0250,2025-02-11,1511.0,upi,1511,Low,2025-02-11,2,Customer_076,Pune,active,PUNE
c076,t0251,2025-02-09,7181.0,card,7181,Medium,2025-02-09,2,Customer_076,Pune,active,PUNE
c114,t0252,2025-02-14,893.0,upi,893,Low,2025-02-14,2,Customer_114,Bengaluru,active,Bengaluru
c112,t0253,2025-02-05,1139.0,cash,1139,Low,2025-02-05,2,Customer_112,Coimbatore,active,Coimbatore
c104,t0254,2025-02-16,2821.0,cash,2821,Medium,2025-02-16,2,Customer_104,Mumbai,active,MUMBAI
c037,t0255,2025-03-19,770.0,card,770,Low,2025-03-19,3,Customer_037,Trivandrum,active,Trivandrum
c018,t0256,2025-01-31,6201.0,upi,6201,Medium,2025-01-31,1,Customer_018,Hyderabad,active,Hyderabad
c099,t0257,2025-03-14,2713.0,netbanking,2713,Medium,2025-03-14,3,Customer_099,Bengaluru,inactive,Bengaluru
c095,t0258,2025-02-17,1459.0,wallet,1459,Low,2025-02-17,2,Customer_095,Pune,active,Pune
c036,t0259,2025-03-09,6721.0,upi,6721,Medium,2025-03-09,3,Customer_036,Hyderabad,active,Hyderabad
c072,t0260,2025-02-01,624.0,card,624,Low,2025-02-01,2,Customer_072,Bengaluru,inactive,Bengaluru
c128,t0261,2025-03-08,9402.0,cash,9402,High,2025-03-08,3,Customer_128,Trivandrum,inactive,Trivandrum
c068,t0262,2025-02-03,3715.0,wallet,3715,Medium,2025-02-03,2,Customer_068,Kochi,active,Kochi
c074,t0263,2025-03-30,3479.0,cash,3479,Medium,2025-03-30,3,Customer_074,Trivandrum,active,Trivandrum
c035,t0264,2025-01-10,3028.0,netbanking,3028,Medium,2025-01-10,1,Customer_035,Hyderabad,active,Hyderabad
c023,t0265,2025-03-29,5892.0,cash,5892,Medium,2025-03-29,3,Customer_023,Coimbatore,active,Coimbatore
c141,t0266,2025-03-11,5114.0,card,5114,Medium,2025-03-11,3,Customer_141,Trivandrum,active,trivandrm
c045,t0267,2025-02-16,3873.0,cash,3873,Medium,2025-02-16,2,Customer_045,Coimbatore,inactive,Coimbatore
c052,t0268,2025-01-18,8294.0,cash,8294,High,2025-01-18,1,Customer_052,Mumbai,active,mumbai
c093,t0269,2025-03-12,6244.0,netbanking,6244,Medium,2025-03-12,3,Customer_093,Chennai,active,Chennai
c142,t0270,2025-01-17,1612.0,cash,1612,Low,2025-01-17,1,Customer_142,Chennai,active,Chennai
c080,t0271,2025-02-20,8812.0,netbanking,8812,High,2025-02-20,2,Customer_080,Chennai,inactive,Chennai
c105,t0272,2025-03-15,2253.0,upi,2253,Low,2025-03-15,3,Customer_105,Bengaluru,active,bengaluru
c019,t0273,2025-02-27,8676.0,upi,8676,High,2025-02-27,2,Customer_019,Trivandrum,active,Trivandrum
c033,t0274,2025-03-12,9830.0,card,9830,High,2025-03-12,3,Customer_033,Kochi,active,Kochi
c034,t0275,2025-02-25,1107.0,cash,1107,Low,2025-02-25,2,Customer_034,Hyderabad,active,Hyderabad
c133,t0276,2025-01-20,2897.0,card,2897,Medium,2025-01-20,1,Customer_133,Trivandrum,active,Trivandrum
c083,t0277,2025-01-29,8701.0,upi,8701,High,2025-01-29,1,Customer_083,Kochi,active,Kochi
c021,t0278,2025-02-02,9224.0,upi,9224,High,2025-02-02,2,Customer_021,Bengaluru,active,Bengaluru
c033,t0279,2025-03-22,8940.0,cash,8940,High,2025-03-22,3,Customer_033,Kochi,active,Kochi
c129,t0280,2025-03-24,9896.0,wallet,9896,High,2025-03-24,3,Customer_129,Bengaluru,active,Bengaluru
c040,t0281,2025-01-22,5731.0,wallet,5731,Medium,2025-01-22,1,Customer_040,Trivandrum,inactive,Trivandrum
c011,t0282,2025-01-04,944.0,wallet,944,Low,2025-01-04,1,Customer_011,Mumbai,inactive,Mumbai
c068,t0283,2025-03-25,9573.0,netbanking,9573,High,2025-03-25,3,Customer_068,Kochi,active,Kochi
c008,t0284,2025-03-05,9138.0,upi,9138,High,2025-03-05,3,Customer_008,Coimbatore,active,Coimbatore
c078,t0285,2025-03-03,6853.0,upi,6853,Medium,2025-03-03,3,Customer_078,Trivandrum,inactive,Trivandrum
c117,t0286,2025-01-10,2789.0,netbanking,2789,Medium,2025-01-10,1,Customer_117,Hyderabad,active,Hyderabad
c107,t0287,2025-03-03,3542.0,upi,3542,Medium,2025-03-03,3,Customer_107,Hyderabad,active,Hyderabad
c037,t0288,2025-02-10,5858.0,netbanking,5858,Medium,2025-02-10,2,Customer_037,Trivandrum,active,Trivandrum
c034,t0289,2025-02-17,9402.0,cash,9402,High,2025-02-17,2,Customer_034,Hyderabad,active,Hyderabad
c082,t0290,2025-01-31,2207.0,upi,2207,Low,2025-01-31,1,Customer_082,Hyderabad,inactive,Hyderabad
c116,t0291,2025-02-01,1786.0,cash,1786,Low,2025-02-01,2,Customer_116,Trivandrum,active,Trivandrum
c075,t0292,2025-02-19,7050.0,card,7050,Medium,2025-02-19,2,Customer_075,Pune,active,Pune
c041,t0293,2025-02-11,5323.0,card,5323,Medium,2025-02-11,2,Customer_041,Hyderabad,inactive,hyd
c041,t0294,2025-03-05,7848.0,netbanking,7848,High,2025-03-05,3,Customer_041,Hyderabad,inactive,hyd
c079,t0295,2025-03-05,1675.0,netbanking,1675,Low,2025-03-05,3,Customer_079,Trivandrum,active,trivandrm
c130,t0296,2025-02-28,3724.0,wallet,3724,Medium,2025-02-28,2,Customer_130,Coimbatore,active,cmbt
c091,t0297,2025-01-07,4809.0,netbanking,4809,Medium,2025-01-07,1,Customer_091,Hyderabad,active,HYDERABAD
c121,t0298,2025-02-06,333.0,cash,333,Low,2025-02-06,2,Customer_121,Hyderabad,active,Hyderabad
c111,t0299,2025-01-18,6192.0,netbanking,6192,Medium,2025-01-18,1,Customer_111,Coimbatore,active,Coimbatore
c094,t0300,2025-01-06,1038.0,wallet,1038,Low,2025-01-06,1,Customer_094,Chennai,active,Chennai
